store_nbr,family,forecast_date,predicted_sales
1,AUTOMOTIVE,2017-08-22,0.27274427051190875
1,BABY CARE,2017-08-22,0.12888300948613107
1,BEAUTY,2017-08-22,0.27274427051190875
1,BEVERAGES,2017-08-22,0.0
1,BOOKS,2017-08-22,0.12888300948613107
1,BREAD/BAKERY,2017-08-22,6.778059108998356
1,CELEBRATION,2017-08-22,0.5438440146444068
1,CLEANING,2017-08-22,0.0
1,DAIRY,2017-08-22,0.0
1,DELI,2017-08-22,10.290228716072516
1,EGGS,2017-08-22,12.402360932321665
1,FROZEN FOODS,2017-08-22,10.290228716072516
1,GROCERY I,2017-08-22,0.0
1,GROCERY II,2017-08-22,1.0294858057018628
1,HARDWARE,2017-08-22,0.2186564306812533
1,HOME AND KITCHEN I,2017-08-22,2.088773617346571
1,HOME AND KITCHEN II,2017-08-22,2.9734450950057445
1,HOME APPLIANCES,2017-08-22,0.12888300948613107
1,HOME CARE,2017-08-22,12.402360932321665
1,LADIESWEAR,2017-08-22,0.9262762343633104
1,LAWN AND GARDEN,2017-08-22,1.217730122265193
1,LINGERIE,2017-08-22,0.6249654228189869
1,"LIQUOR,WINE,BEER",2017-08-22,6.456930706399309
1,MAGAZINES,2017-08-22,0.3622597840387487
1,MEATS,2017-08-22,1707.8601117102473
1,PERSONAL CARE,2017-08-22,5.897326615751502
1,PET SUPPLIES,2017-08-22,0.2186564306812533
1,PLAYERS AND ELECTRONICS,2017-08-22,0.6720765566576166
1,POULTRY,2017-08-22,0.16865300882493228
1,PREPARED FOODS,2017-08-22,0.4209745433828993
1,PRODUCE,2017-08-22,119915398.10838985
1,SCHOOL AND OFFICE SUPPLIES,2017-08-22,0.12888300948613107
1,SEAFOOD,2017-08-22,0.9607023404568584
2,AUTOMOTIVE,2017-08-22,0.2619076927595674
2,BABY CARE,2017-08-22,0.12888300948613107
2,BEAUTY,2017-08-22,0.6391227836436235
2,BEVERAGES,2017-08-22,1.1360603784068279e+21
2,BOOKS,2017-08-22,0.12888300948613107
2,BREAD/BAKERY,2017-08-22,0.0
2,CELEBRATION,2017-08-22,0.9435004372210956
2,CLEANING,2017-08-22,0.0
2,DAIRY,2017-08-22,0.0
2,DELI,2017-08-22,0.04348015629804336
2,EGGS,2017-08-22,130.71098957186015
2,FROZEN FOODS,2017-08-22,2.818535739571087
2,GROCERY I,2017-08-22,0.0
2,GROCERY II,2017-08-22,1.8690471982706391
2,HARDWARE,2017-08-22,0.12888300948613107
2,HOME AND KITCHEN I,2017-08-22,3.030345830304748
2,HOME AND KITCHEN II,2017-08-22,1.0264223000928454
2,HOME APPLIANCES,2017-08-22,0.12888300948613107
2,HOME CARE,2017-08-22,0.0036417833067297067
2,LADIESWEAR,2017-08-22,1.5583967882753398
2,LAWN AND GARDEN,2017-08-22,1.5583967882753398
2,LINGERIE,2017-08-22,0.3622597840387487
2,"LIQUOR,WINE,BEER",2017-08-22,3.5085779852768306
2,MAGAZINES,2017-08-22,0.8295722834711114
2,MEATS,2017-08-22,0.0
2,PERSONAL CARE,2017-08-22,0.0
2,PET SUPPLIES,2017-08-22,0.500345861578217
2,PLAYERS AND ELECTRONICS,2017-08-22,0.6249654228189869
2,POULTRY,2017-08-22,0.0
2,PREPARED FOODS,2017-08-22,12.402360932321665
2,PRODUCE,2017-08-22,4841408497.133839
2,SCHOOL AND OFFICE SUPPLIES,2017-08-22,0.12888300948613107
2,SEAFOOD,2017-08-22,1.254104512192733
3,AUTOMOTIVE,2017-08-22,0.9435004372210956
3,BABY CARE,2017-08-22,0.12888300948613107
3,BEAUTY,2017-08-22,1.5583967882753398
3,BEVERAGES,2017-08-22,0.0
3,BOOKS,2017-08-22,0.12888300948613107
3,BREAD/BAKERY,2017-08-22,0.0
3,CELEBRATION,2017-08-22,1.339869527053828
3,CLEANING,2017-08-22,0.0
3,DAIRY,2017-08-22,8964.294336339124
3,DELI,2017-08-22,0.0
3,EGGS,2017-08-22,0.0
3,FROZEN FOODS,2017-08-22,0.0
3,GROCERY I,2017-08-22,0.0
3,GROCERY II,2017-08-22,1.9778097916427253
3,HARDWARE,2017-08-22,0.12888300948613107
3,HOME AND KITCHEN I,2017-08-22,1.9778097916427253
3,HOME AND KITCHEN II,2017-08-22,1.01154421270437
3,HOME APPLIANCES,2017-08-22,0.12888300948613107
3,HOME CARE,2017-08-22,0.0
3,LADIESWEAR,2017-08-22,1.157460641784359
3,LAWN AND GARDEN,2017-08-22,1.01154421270437
3,LINGERIE,2017-08-22,3.030345830304748
3,"LIQUOR,WINE,BEER",2017-08-22,0.0
3,MAGAZINES,2017-08-22,2.088773617346571
3,MEATS,2017-08-22,0.0
3,PERSONAL CARE,2017-08-22,0.0
3,PET SUPPLIES,2017-08-22,1.33495056049177
3,PLAYERS AND ELECTRONICS,2017-08-22,2.088773617346571
3,POULTRY,2017-08-22,0.0
3,PREPARED FOODS,2017-08-22,0.0
3,PRODUCE,2017-08-22,0.0
3,SCHOOL AND OFFICE SUPPLIES,2017-08-22,0.12888300948613107
3,SEAFOOD,2017-08-22,1.9778097916427253
4,AUTOMOTIVE,2017-08-22,0.24983886755200624
4,BABY CARE,2017-08-22,0.12888300948613107
4,BEAUTY,2017-08-22,0.27274427051190875
4,BEVERAGES,2017-08-22,27055.82617273149
4,BOOKS,2017-08-22,0.12888300948613107
4,BREAD/BAKERY,2017-08-22,0.0
4,CELEBRATION,2017-08-22,0.6249654228189869
4,CLEANING,2017-08-22,0.0
4,DAIRY,2017-08-22,0.0
4,DELI,2017-08-22,946.0351523072225
4,EGGS,2017-08-22,27.92638957706666
4,FROZEN FOODS,2017-08-22,3.5085779852768306
4,GROCERY I,2017-08-22,424189.09680319176
4,GROCERY II,2017-08-22,2.9734450950057445
4,HARDWARE,2017-08-22,0.12888300948613107
4,HOME AND KITCHEN I,2017-08-22,1.217730122265193
4,HOME AND KITCHEN II,2017-08-22,0.9435004372210956
4,HOME APPLIANCES,2017-08-22,0.12888300948613107
4,HOME CARE,2017-08-22,4854.90971355117
4,LADIESWEAR,2017-08-22,1.5583967882753398
4,LAWN AND GARDEN,2017-08-22,1.5222771438158298
4,LINGERIE,2017-08-22,0.2186564306812533
4,"LIQUOR,WINE,BEER",2017-08-22,3.5085779852768306
4,MAGAZINES,2017-08-22,0.6391227836436235
4,MEATS,2017-08-22,0.0
4,PERSONAL CARE,2017-08-22,0.0
4,PET SUPPLIES,2017-08-22,0.6249654228189869
4,PLAYERS AND ELECTRONICS,2017-08-22,0.5929401297868273
4,POULTRY,2017-08-22,0.0
4,PREPARED FOODS,2017-08-22,2.4264309634446084
4,PRODUCE,2017-08-22,198130305565.1609
4,SCHOOL AND OFFICE SUPPLIES,2017-08-22,0.12888300948613107
4,SEAFOOD,2017-08-22,2.9734450950057445
5,AUTOMOTIVE,2017-08-22,0.6720765566576166
5,BABY CARE,2017-08-22,0.12888300948613107
5,BEAUTY,2017-08-22,0.5029652216438136
5,BEVERAGES,2017-08-22,0.0
5,BOOKS,2017-08-22,0.12888300948613107
5,BREAD/BAKERY,2017-08-22,0.0
5,CELEBRATION,2017-08-22,2.9734450950057445
5,CLEANING,2017-08-22,0.0
5,DAIRY,2017-08-22,0.0
5,DELI,2017-08-22,0.0036417833067297067
5,EGGS,2017-08-22,3.5085779852768306
5,FROZEN FOODS,2017-08-22,3.5085779852768306
5,GROCERY I,2017-08-22,602.2643575141068
5,GROCERY II,2017-08-22,0.9607023404568584
5,HARDWARE,2017-08-22,0.12888300948613107
5,HOME AND KITCHEN I,2017-08-22,2.088773617346571
5,HOME AND KITCHEN II,2017-08-22,1.5583967882753398
5,HOME APPLIANCES,2017-08-22,0.12888300948613107
5,HOME CARE,2017-08-22,4854.90971355117
5,LADIESWEAR,2017-08-22,1.1558626496201274
5,LAWN AND GARDEN,2017-08-22,0.4755947635214368
5,LINGERIE,2017-08-22,0.8295722834711114
5,"LIQUOR,WINE,BEER",2017-08-22,0.8450845295665455
5,MAGAZINES,2017-08-22,1.1558626496201274
5,MEATS,2017-08-22,0.5573939223792561
5,PERSONAL CARE,2017-08-22,0.0
5,PET SUPPLIES,2017-08-22,0.2186564306812533
5,PLAYERS AND ELECTRONICS,2017-08-22,0.40175453396240957
5,POULTRY,2017-08-22,0.004335225471834514
5,PREPARED FOODS,2017-08-22,2.4264309634446084
5,PRODUCE,2017-08-22,395.21225002083133
5,SCHOOL AND OFFICE SUPPLIES,2017-08-22,0.12888300948613107
5,SEAFOOD,2017-08-22,0.9435004372210956
6,AUTOMOTIVE,2017-08-22,0.5957211443979915
6,BABY CARE,2017-08-22,0.12888300948613107
6,BEAUTY,2017-08-22,0.5305095915063849
6,BEVERAGES,2017-08-22,315546.87082425423
6,BOOKS,2017-08-22,0.12888300948613107
6,BREAD/BAKERY,2017-08-22,0.0
6,CELEBRATION,2017-08-22,0.9435004372210956
6,CLEANING,2017-08-22,0.0
6,DAIRY,2017-08-22,0.0
6,DELI,2017-08-22,0.0
6,EGGS,2017-08-22,42.92011383457724
6,FROZEN FOODS,2017-08-22,27.92638957706666
6,GROCERY I,2017-08-22,52.45027530280468
6,GROCERY II,2017-08-22,1.1734179783235903
6,HARDWARE,2017-08-22,0.12888300948613107
6,HOME AND KITCHEN I,2017-08-22,3.030345830304748
6,HOME AND KITCHEN II,2017-08-22,0.5411150351419489
6,HOME APPLIANCES,2017-08-22,0.12888300948613107
6,HOME CARE,2017-08-22,0.0
6,LADIESWEAR,2017-08-22,3.030345830304748
6,LAWN AND GARDEN,2017-08-22,1.5583967882753398
6,LINGERIE,2017-08-22,0.5929401297868273
6,"LIQUOR,WINE,BEER",2017-08-22,3.5085779852768306
6,MAGAZINES,2017-08-22,0.5305095915063849
6,MEATS,2017-08-22,76.60918113401954
6,PERSONAL CARE,2017-08-22,0.0
6,PET SUPPLIES,2017-08-22,0.9435004372210956
6,PLAYERS AND ELECTRONICS,2017-08-22,1.5583967882753398
6,POULTRY,2017-08-22,10.907292426121431
6,PREPARED FOODS,2017-08-22,10.290228716072516
6,PRODUCE,2017-08-22,7.528641265142631e+27
6,SCHOOL AND OFFICE SUPPLIES,2017-08-22,0.12888300948613107
6,SEAFOOD,2017-08-22,1.1734179783235903
7,AUTOMOTIVE,2017-08-22,0.3622597840387487
7,BABY CARE,2017-08-22,0.12888300948613107
7,BEAUTY,2017-08-22,0.6720765566576166
7,BEVERAGES,2017-08-22,6.105508371888178e+34
7,BOOKS,2017-08-22,0.12888300948613107
7,BREAD/BAKERY,2017-08-22,0.0
7,CELEBRATION,2017-08-22,1.136756394278259
7,CLEANING,2017-08-22,0.0
7,DAIRY,2017-08-22,0.0
7,DELI,2017-08-22,946.0351523072225
7,EGGS,2017-08-22,0.0
7,FROZEN FOODS,2017-08-22,528.3425582055198
7,GROCERY I,2017-08-22,0.0
7,GROCERY II,2017-08-22,1.1734179783235903
7,HARDWARE,2017-08-22,0.12888300948613107
7,HOME AND KITCHEN I,2017-08-22,1.1734179783235903
7,HOME AND KITCHEN II,2017-08-22,6.82827289941984
7,HOME APPLIANCES,2017-08-22,0.12888300948613107
7,HOME CARE,2017-08-22,0.8373088841823417
7,LADIESWEAR,2017-08-22,1.5583967882753398
7,LAWN AND GARDEN,2017-08-22,1.1734179783235903
7,LINGERIE,2017-08-22,0.5438440146444068
7,"LIQUOR,WINE,BEER",2017-08-22,57.30332002678394
7,MAGAZINES,2017-08-22,1.5583967882753398
7,MEATS,2017-08-22,28.050264281972844
7,PERSONAL CARE,2017-08-22,0.0
7,PET SUPPLIES,2017-08-22,0.3622597840387487
7,PLAYERS AND ELECTRONICS,2017-08-22,1.217730122265193
7,POULTRY,2017-08-22,1.3130479748147255
7,PREPARED FOODS,2017-08-22,12.402360932321665
7,PRODUCE,2017-08-22,0.0
7,SCHOOL AND OFFICE SUPPLIES,2017-08-22,0.12888300948613107
7,SEAFOOD,2017-08-22,1.1734179783235903
8,AUTOMOTIVE,2017-08-22,0.27274427051190875
8,BABY CARE,2017-08-22,0.12888300948613107
8,BEAUTY,2017-08-22,0.9435004372210956
8,BEVERAGES,2017-08-22,75.0893857326691
8,BOOKS,2017-08-22,0.12888300948613107
8,BREAD/BAKERY,2017-08-22,0.0
8,CELEBRATION,2017-08-22,1.5583967882753398
8,CLEANING,2017-08-22,0.0
8,DAIRY,2017-08-22,0.0
8,DELI,2017-08-22,5.078278037392016
8,EGGS,2017-08-22,0.0
8,FROZEN FOODS,2017-08-22,148.80803858571667
8,GROCERY I,2017-08-22,4337866474981916.5
8,GROCERY II,2017-08-22,1.1734179783235903
8,HARDWARE,2017-08-22,0.17898641998592346
8,HOME AND KITCHEN I,2017-08-22,1.1734179783235903
8,HOME AND KITCHEN II,2017-08-22,1.0264223000928454
8,HOME APPLIANCES,2017-08-22,0.12888300948613107
8,HOME CARE,2017-08-22,0.0
8,LADIESWEAR,2017-08-22,1.8690471982706391
8,LAWN AND GARDEN,2017-08-22,1.1734179783235903
8,LINGERIE,2017-08-22,1.5583967882753398
8,"LIQUOR,WINE,BEER",2017-08-22,12.402360932321665
8,MAGAZINES,2017-08-22,1.5583967882753398
8,MEATS,2017-08-22,0.0
8,PERSONAL CARE,2017-08-22,0.0
8,PET SUPPLIES,2017-08-22,1.6936235183757495
8,PLAYERS AND ELECTRONICS,2017-08-22,3.030345830304748
8,POULTRY,2017-08-22,0.0
8,PREPARED FOODS,2017-08-22,93.15686671084512
8,PRODUCE,2017-08-22,3.066968253970466e+21
8,SCHOOL AND OFFICE SUPPLIES,2017-08-22,0.12888300948613107
8,SEAFOOD,2017-08-22,1.426735451476532
9,AUTOMOTIVE,2017-08-22,0.8295722834711114
9,BABY CARE,2017-08-22,0.12888300948613107
9,BEAUTY,2017-08-22,0.9435004372210956
9,BEVERAGES,2017-08-22,0.0
9,BOOKS,2017-08-22,0.12888300948613107
9,BREAD/BAKERY,2017-08-22,0.0
9,CELEBRATION,2017-08-22,1.0294858057018628
9,CLEANING,2017-08-22,0.0
9,DAIRY,2017-08-22,0.0
9,DELI,2017-08-22,0.0
9,EGGS,2017-08-22,3.0725486502419956
9,FROZEN FOODS,2017-08-22,10.290228716072516
9,GROCERY I,2017-08-22,3.4368001585547198e+25
9,GROCERY II,2017-08-22,0.9435004372210956
9,HARDWARE,2017-08-22,0.12888300948613107
9,HOME AND KITCHEN I,2017-08-22,3.8504861729186057
9,HOME AND KITCHEN II,2017-08-22,4.20233805724911
9,HOME APPLIANCES,2017-08-22,0.12888300948613107
9,HOME CARE,2017-08-22,0.0
9,LADIESWEAR,2017-08-22,0.6720765566576166
9,LAWN AND GARDEN,2017-08-22,0.5748822539607517
9,LINGERIE,2017-08-22,0.888741874373721
9,"LIQUOR,WINE,BEER",2017-08-22,2.4264309634446084
9,MAGAZINES,2017-08-22,0.5748822539607517
9,MEATS,2017-08-22,3554.9105634221855
9,PERSONAL CARE,2017-08-22,0.0
9,PET SUPPLIES,2017-08-22,0.27274427051190875
9,PLAYERS AND ELECTRONICS,2017-08-22,0.9267141188152139
9,POULTRY,2017-08-22,14563.270898936156
9,PREPARED FOODS,2017-08-22,12.402360932321665
9,PRODUCE,2017-08-22,0.0
9,SCHOOL AND OFFICE SUPPLIES,2017-08-22,148.80803858571667
9,SEAFOOD,2017-08-22,1.5583967882753398
10,AUTOMOTIVE,2017-08-22,0.2186564306812533
10,BABY CARE,2017-08-22,0.12888300948613107
10,BEAUTY,2017-08-22,0.27274427051190875
10,BEVERAGES,2017-08-22,0.0
10,BOOKS,2017-08-22,0.12888300948613107
10,BREAD/BAKERY,2017-08-22,10.290228716072516
10,CELEBRATION,2017-08-22,0.17898641998592346
10,CLEANING,2017-08-22,0.0
10,DAIRY,2017-08-22,0.0
10,DELI,2017-08-22,0.5350470831474594
10,EGGS,2017-08-22,3.8504861729186057
10,FROZEN FOODS,2017-08-22,1.254104512192733
10,GROCERY I,2017-08-22,6583679454.718391
10,GROCERY II,2017-08-22,0.3622597840387487
10,HARDWARE,2017-08-22,0.12888300948613107
10,HOME AND KITCHEN I,2017-08-22,0.5929401297868273
10,HOME AND KITCHEN II,2017-08-22,0.9435004372210956
10,HOME APPLIANCES,2017-08-22,0.12888300948613107
10,HOME CARE,2017-08-22,14.581509141223084
10,LADIESWEAR,2017-08-22,0.40175453396240957
10,LAWN AND GARDEN,2017-08-22,0.12888300948613107
10,LINGERIE,2017-08-22,0.12888300948613107
10,"LIQUOR,WINE,BEER",2017-08-22,1.5583967882753398
10,MAGAZINES,2017-08-22,0.12888300948613107
10,MEATS,2017-08-22,528.3425582055198
10,PERSONAL CARE,2017-08-22,594.227488778927
10,PET SUPPLIES,2017-08-22,0.12888300948613107
10,PLAYERS AND ELECTRONICS,2017-08-22,0.17898641998592346
10,POULTRY,2017-08-22,27.92638957706666
10,PREPARED FOODS,2017-08-22,2.088773617346571
10,PRODUCE,2017-08-22,0.0
10,SCHOOL AND OFFICE SUPPLIES,2017-08-22,0.6720765566576166
10,SEAFOOD,2017-08-22,0.30964377915893926
11,AUTOMOTIVE,2017-08-22,0.3622597840387487
11,BABY CARE,2017-08-22,0.12888300948613107
11,BEAUTY,2017-08-22,0.24983886755200624
11,BEVERAGES,2017-08-22,4.2349532565926695e+64
11,BOOKS,2017-08-22,0.12888300948613107
11,BREAD/BAKERY,2017-08-22,0.0
11,CELEBRATION,2017-08-22,1.136756394278259
11,CLEANING,2017-08-22,0.0
11,DAIRY,2017-08-22,0.0
11,DELI,2017-08-22,0.0
11,EGGS,2017-08-22,897489.1001908875
11,FROZEN FOODS,2017-08-22,3.5085779852768306
11,GROCERY I,2017-08-22,0.0
11,GROCERY II,2017-08-22,1.5583967882753398
11,HARDWARE,2017-08-22,0.12888300948613107
11,HOME AND KITCHEN I,2017-08-22,2.088773617346571
11,HOME AND KITCHEN II,2017-08-22,0.8295722834711114
11,HOME APPLIANCES,2017-08-22,0.12888300948613107
11,HOME CARE,2017-08-22,0.0
11,LADIESWEAR,2017-08-22,0.6720765566576166
11,LAWN AND GARDEN,2017-08-22,0.27274427051190875
11,LINGERIE,2017-08-22,0.6391227836436235
11,"LIQUOR,WINE,BEER",2017-08-22,1.1734179783235903
11,MAGAZINES,2017-08-22,0.2186564306812533
11,MEATS,2017-08-22,0.0
11,PERSONAL CARE,2017-08-22,4.500308234335379
11,PET SUPPLIES,2017-08-22,0.12888300948613107
11,PLAYERS AND ELECTRONICS,2017-08-22,1.5583967882753398
11,POULTRY,2017-08-22,4203.093414088967
11,PREPARED FOODS,2017-08-22,10.290228716072516
11,PRODUCE,2017-08-22,0.0
11,SCHOOL AND OFFICE SUPPLIES,2017-08-22,0.9607023404568584
11,SEAFOOD,2017-08-22,0.33541197044399307
12,AUTOMOTIVE,2017-08-22,0.4177632269508995
12,BABY CARE,2017-08-22,0.12888300948613107
12,BEAUTY,2017-08-22,0.12888300948613107
12,BEVERAGES,2017-08-22,0.0
12,BOOKS,2017-08-22,0.12888300948613107
12,BREAD/BAKERY,2017-08-22,5.045856704471201
12,CELEBRATION,2017-08-22,0.9262762343633104
12,CLEANING,2017-08-22,0.0
12,DAIRY,2017-08-22,0.0
12,DELI,2017-08-22,42.92011383457724
12,EGGS,2017-08-22,2.4264309634446084
12,FROZEN FOODS,2017-08-22,1.339869527053828
12,GROCERY I,2017-08-22,10526.062339457672
12,GROCERY II,2017-08-22,0.6720765566576166
12,HARDWARE,2017-08-22,0.12888300948613107
12,HOME AND KITCHEN I,2017-08-22,1.33495056049177
12,HOME AND KITCHEN II,2017-08-22,1.5583967882753398
12,HOME APPLIANCES,2017-08-22,0.12888300948613107
12,HOME CARE,2017-08-22,93.15686671084512
12,LADIESWEAR,2017-08-22,0.40175453396240957
12,LAWN AND GARDEN,2017-08-22,0.12888300948613107
12,LINGERIE,2017-08-22,0.17898641998592346
12,"LIQUOR,WINE,BEER",2017-08-22,1.1734179783235903
12,MAGAZINES,2017-08-22,0.2186564306812533
12,MEATS,2017-08-22,960.2618166142478
12,PERSONAL CARE,2017-08-22,0.0
12,PET SUPPLIES,2017-08-22,0.12888300948613107
12,PLAYERS AND ELECTRONICS,2017-08-22,0.9267141188152139
12,POULTRY,2017-08-22,24.432035769940633
12,PREPARED FOODS,2017-08-22,1.426735451476532
12,PRODUCE,2017-08-22,0.0
12,SCHOOL AND OFFICE SUPPLIES,2017-08-22,0.9435004372210956
12,SEAFOOD,2017-08-22,0.12888300948613107
13,AUTOMOTIVE,2017-08-22,0.27274427051190875
13,BABY CARE,2017-08-22,0.12888300948613107
13,BEAUTY,2017-08-22,0.27274427051190875
13,BEVERAGES,2017-08-22,3.5201965375075073
13,BOOKS,2017-08-22,0.12888300948613107
13,BREAD/BAKERY,2017-08-22,12.402360932321665
13,CELEBRATION,2017-08-22,0.6249654228189869
13,CLEANING,2017-08-22,0.0
13,DAIRY,2017-08-22,4.223645254037169
13,DELI,2017-08-22,130.71098957186015
13,EGGS,2017-08-22,1.1734179783235903
13,FROZEN FOODS,2017-08-22,1.8858753435130051
13,GROCERY I,2017-08-22,44072269.42989723
13,GROCERY II,2017-08-22,0.7028918246268283
13,HARDWARE,2017-08-22,0.12888300948613107
13,HOME AND KITCHEN I,2017-08-22,1.33495056049177
13,HOME AND KITCHEN II,2017-08-22,0.9435004372210956
13,HOME APPLIANCES,2017-08-22,0.12888300948613107
13,HOME CARE,2017-08-22,27.92638957706666
13,LADIESWEAR,2017-08-22,0.12888300948613107
13,LAWN AND GARDEN,2017-08-22,0.12888300948613107
13,LINGERIE,2017-08-22,0.12888300948613107
13,"LIQUOR,WINE,BEER",2017-08-22,1.0741687991597457
13,MAGAZINES,2017-08-22,0.12888300948613107
13,MEATS,2017-08-22,960.2618166142478
13,PERSONAL CARE,2017-08-22,447.3871424926016
13,PET SUPPLIES,2017-08-22,0.12888300948613107
13,PLAYERS AND ELECTRONICS,2017-08-22,0.27274427051190875
13,POULTRY,2017-08-22,3.5085779852768306
13,PREPARED FOODS,2017-08-22,1.5583967882753398
13,PRODUCE,2017-08-22,0.0
13,SCHOOL AND OFFICE SUPPLIES,2017-08-22,1.2482500276193282
13,SEAFOOD,2017-08-22,0.12888300948613107
14,AUTOMOTIVE,2017-08-22,0.3622597840387487
14,BABY CARE,2017-08-22,0.12888300948613107
14,BEAUTY,2017-08-22,0.12888300948613107
14,BEVERAGES,2017-08-22,0.0
14,BOOKS,2017-08-22,0.12888300948613107
14,BREAD/BAKERY,2017-08-22,11.955302954151493
14,CELEBRATION,2017-08-22,1.228324992456431
14,CLEANING,2017-08-22,0.0
14,DAIRY,2017-08-22,9.053336414564622
14,DELI,2017-08-22,2.919771777353801
14,EGGS,2017-08-22,1.426735451476532
14,FROZEN FOODS,2017-08-22,1.1734179783235903
14,GROCERY I,2017-08-22,0.0
14,GROCERY II,2017-08-22,0.17898641998592346
14,HARDWARE,2017-08-22,0.12888300948613107
14,HOME AND KITCHEN I,2017-08-22,0.2619076927595674
14,HOME AND KITCHEN II,2017-08-22,1.5583967882753398
14,HOME APPLIANCES,2017-08-22,0.12888300948613107
14,HOME CARE,2017-08-22,4854.90971355117
14,LADIESWEAR,2017-08-22,0.12888300948613107
14,LAWN AND GARDEN,2017-08-22,0.12888300948613107
14,LINGERIE,2017-08-22,0.19672443910905524
14,"LIQUOR,WINE,BEER",2017-08-22,1.5583967882753398
14,MAGAZINES,2017-08-22,0.27274427051190875
14,MEATS,2017-08-22,0.0
14,PERSONAL CARE,2017-08-22,5.078278037392016
14,PET SUPPLIES,2017-08-22,0.12888300948613107
14,PLAYERS AND ELECTRONICS,2017-08-22,0.40175453396240957
14,POULTRY,2017-08-22,3.5085779852768306
14,PREPARED FOODS,2017-08-22,10.290228716072516
14,PRODUCE,2017-08-22,0.0
14,SCHOOL AND OFFICE SUPPLIES,2017-08-22,0.5305095915063849
14,SEAFOOD,2017-08-22,0.3622597840387487
15,AUTOMOTIVE,2017-08-22,0.3622597840387487
15,BABY CARE,2017-08-22,0.12888300948613107
15,BEAUTY,2017-08-22,0.27274427051190875
15,BEVERAGES,2017-08-22,0.0
15,BOOKS,2017-08-22,0.12888300948613107
15,BREAD/BAKERY,2017-08-22,294.31392413827547
15,CELEBRATION,2017-08-22,0.5052608845606616
15,CLEANING,2017-08-22,0.0
15,DAIRY,2017-08-22,103.22741030286825
15,DELI,2017-08-22,5.397291463040765
15,EGGS,2017-08-22,10.290228716072516
15,FROZEN FOODS,2017-08-22,2.4264309634446084
15,GROCERY I,2017-08-22,3.3479309857432753
15,GROCERY II,2017-08-22,0.24983886755200624
15,HARDWARE,2017-08-22,0.12888300948613107
15,HOME AND KITCHEN I,2017-08-22,0.6391227836436235
15,HOME AND KITCHEN II,2017-08-22,1.5583967882753398
15,HOME APPLIANCES,2017-08-22,0.12888300948613107
15,HOME CARE,2017-08-22,0.028507397666279077
15,LADIESWEAR,2017-08-22,0.33774338273770255
15,LAWN AND GARDEN,2017-08-22,0.12888300948613107
15,LINGERIE,2017-08-22,0.30964377915893926
15,"LIQUOR,WINE,BEER",2017-08-22,1.5583967882753398
15,MAGAZINES,2017-08-22,0.12888300948613107
15,MEATS,2017-08-22,135.8267473926057
15,PERSONAL CARE,2017-08-22,0.0
15,PET SUPPLIES,2017-08-22,0.12888300948613107
15,PLAYERS AND ELECTRONICS,2017-08-22,0.27274427051190875
15,POULTRY,2017-08-22,10.290228716072516
15,PREPARED FOODS,2017-08-22,1.1734179783235903
15,PRODUCE,2017-08-22,0.0
15,SCHOOL AND OFFICE SUPPLIES,2017-08-22,0.888741874373721
15,SEAFOOD,2017-08-22,0.27274427051190875
16,AUTOMOTIVE,2017-08-22,0.3622597840387487
16,BABY CARE,2017-08-22,0.12888300948613107
16,BEAUTY,2017-08-22,0.12888300948613107
16,BEVERAGES,2017-08-22,0.0
16,BOOKS,2017-08-22,0.12888300948613107
16,BREAD/BAKERY,2017-08-22,1872.6352398232016
16,CELEBRATION,2017-08-22,0.27274427051190875
16,CLEANING,2017-08-22,0.0
16,DAIRY,2017-08-22,0.0
16,DELI,2017-08-22,960.2618166142478
16,EGGS,2017-08-22,99.74406968022254
16,FROZEN FOODS,2017-08-22,1.1734179783235903
16,GROCERY I,2017-08-22,87.47553150174832
16,GROCERY II,2017-08-22,0.27274427051190875
16,HARDWARE,2017-08-22,0.12888300948613107
16,HOME AND KITCHEN I,2017-08-22,1.6936235183757495
16,HOME AND KITCHEN II,2017-08-22,1.5583967882753398
16,HOME APPLIANCES,2017-08-22,0.12888300948613107
16,HOME CARE,2017-08-22,130.71098957186015
16,LADIESWEAR,2017-08-22,0.12888300948613107
16,LAWN AND GARDEN,2017-08-22,0.12888300948613107
16,LINGERIE,2017-08-22,0.27274427051190875
16,"LIQUOR,WINE,BEER",2017-08-22,2.2520339678161947
16,MAGAZINES,2017-08-22,0.12888300948613107
16,MEATS,2017-08-22,3.1081145465531588
16,PERSONAL CARE,2017-08-22,12.402360932321665
16,PET SUPPLIES,2017-08-22,0.12888300948613107
16,PLAYERS AND ELECTRONICS,2017-08-22,0.12888300948613107
16,POULTRY,2017-08-22,0.8450845295665455
16,PREPARED FOODS,2017-08-22,1.254104512192733
16,PRODUCE,2017-08-22,0.0
16,SCHOOL AND OFFICE SUPPLIES,2017-08-22,0.12888300948613107
16,SEAFOOD,2017-08-22,0.12888300948613107
17,AUTOMOTIVE,2017-08-22,0.5748822539607517
17,BABY CARE,2017-08-22,0.12888300948613107
17,BEAUTY,2017-08-22,0.12888300948613107
17,BEVERAGES,2017-08-22,0.0
17,BOOKS,2017-08-22,0.12888300948613107
17,BREAD/BAKERY,2017-08-22,0.0
17,CELEBRATION,2017-08-22,0.3622597840387487
17,CLEANING,2017-08-22,0.0
17,DAIRY,2017-08-22,0.0
17,DELI,2017-08-22,0.0
17,EGGS,2017-08-22,0.028507397666279077
17,FROZEN FOODS,2017-08-22,12.402360932321665
17,GROCERY I,2017-08-22,0.0
17,GROCERY II,2017-08-22,1.33495056049177
17,HARDWARE,2017-08-22,0.2186564306812533
17,HOME AND KITCHEN I,2017-08-22,1.8690471982706391
17,HOME AND KITCHEN II,2017-08-22,3.030345830304748
17,HOME APPLIANCES,2017-08-22,0.12888300948613107
17,HOME CARE,2017-08-22,0.0
17,LADIESWEAR,2017-08-22,0.12888300948613107
17,LAWN AND GARDEN,2017-08-22,0.12888300948613107
17,LINGERIE,2017-08-22,0.9267141188152139
17,"LIQUOR,WINE,BEER",2017-08-22,3.8504861729186057
17,MAGAZINES,2017-08-22,0.3622597840387487
17,MEATS,2017-08-22,5.078278037392016
17,PERSONAL CARE,2017-08-22,0.0
17,PET SUPPLIES,2017-08-22,0.12888300948613107
17,PLAYERS AND ELECTRONICS,2017-08-22,0.500345861578217
17,POULTRY,2017-08-22,0.0
17,PREPARED FOODS,2017-08-22,4.529968686979422
17,PRODUCE,2017-08-22,0.0
17,SCHOOL AND OFFICE SUPPLIES,2017-08-22,2.743638688040555
17,SEAFOOD,2017-08-22,1.0294858057018628
18,AUTOMOTIVE,2017-08-22,0.17898641998592346
18,BABY CARE,2017-08-22,0.2186564306812533
18,BEAUTY,2017-08-22,0.24983886755200624
18,BEVERAGES,2017-08-22,17971.031362347665
18,BOOKS,2017-08-22,0.12888300948613107
18,BREAD/BAKERY,2017-08-22,0.0
18,CELEBRATION,2017-08-22,0.9435004372210956
18,CLEANING,2017-08-22,0.0
18,DAIRY,2017-08-22,0.0
18,DELI,2017-08-22,447.3871424926016
18,EGGS,2017-08-22,0.0
18,FROZEN FOODS,2017-08-22,3.8504861729186057
18,GROCERY I,2017-08-22,0.0
18,GROCERY II,2017-08-22,0.9262762343633104
18,HARDWARE,2017-08-22,0.12888300948613107
18,HOME AND KITCHEN I,2017-08-22,3.2433739619470368
18,HOME AND KITCHEN II,2017-08-22,3.030345830304748
18,HOME APPLIANCES,2017-08-22,0.12888300948613107
18,HOME CARE,2017-08-22,0.0
18,LADIESWEAR,2017-08-22,0.6249654228189869
18,LAWN AND GARDEN,2017-08-22,0.12888300948613107
18,LINGERIE,2017-08-22,0.27274427051190875
18,"LIQUOR,WINE,BEER",2017-08-22,0.43148457010750696
18,MAGAZINES,2017-08-22,0.12888300948613107
18,MEATS,2017-08-22,10.290228716072516
18,PERSONAL CARE,2017-08-22,148.80803858571667
18,PET SUPPLIES,2017-08-22,0.17898641998592346
18,PLAYERS AND ELECTRONICS,2017-08-22,0.6720765566576166
18,POULTRY,2017-08-22,130.71098957186015
18,PREPARED FOODS,2017-08-22,1.01154421270437
18,PRODUCE,2017-08-22,0.0
18,SCHOOL AND OFFICE SUPPLIES,2017-08-22,1.01154421270437
18,SEAFOOD,2017-08-22,1.217730122265193
19,AUTOMOTIVE,2017-08-22,0.30964377915893926
19,BABY CARE,2017-08-22,0.12888300948613107
19,BEAUTY,2017-08-22,0.27274427051190875
19,BEVERAGES,2017-08-22,887486647.0242479
19,BOOKS,2017-08-22,0.12888300948613107
19,BREAD/BAKERY,2017-08-22,447.3871424926016
19,CELEBRATION,2017-08-22,0.40175453396240957
19,CLEANING,2017-08-22,0.0
19,DAIRY,2017-08-22,0.0
19,DELI,2017-08-22,0.0
19,EGGS,2017-08-22,2.4264309634446084
19,FROZEN FOODS,2017-08-22,1.1734179783235903
19,GROCERY I,2017-08-22,29924559.866792217
19,GROCERY II,2017-08-22,1.228324992456431
19,HARDWARE,2017-08-22,0.12888300948613107
19,HOME AND KITCHEN I,2017-08-22,0.9262762343633104
19,HOME AND KITCHEN II,2017-08-22,1.136756394278259
19,HOME APPLIANCES,2017-08-22,0.12888300948613107
19,HOME CARE,2017-08-22,447.3871424926016
19,LADIESWEAR,2017-08-22,0.8920393107626539
19,LAWN AND GARDEN,2017-08-22,0.12888300948613107
19,LINGERIE,2017-08-22,0.30964377915893926
19,"LIQUOR,WINE,BEER",2017-08-22,1.0264223000928454
19,MAGAZINES,2017-08-22,0.30964377915893926
19,MEATS,2017-08-22,93.15686671084512
19,PERSONAL CARE,2017-08-22,548.304788944471
19,PET SUPPLIES,2017-08-22,0.12888300948613107
19,PLAYERS AND ELECTRONICS,2017-08-22,0.6249654228189869
19,POULTRY,2017-08-22,4.352025275110617
19,PREPARED FOODS,2017-08-22,2.9734450950057445
19,PRODUCE,2017-08-22,0.0
19,SCHOOL AND OFFICE SUPPLIES,2017-08-22,0.9435004372210956
19,SEAFOOD,2017-08-22,0.5748822539607517
20,AUTOMOTIVE,2017-08-22,0.6391227836436235
20,BABY CARE,2017-08-22,0.12888300948613107
20,BEAUTY,2017-08-22,0.27274427051190875
20,BEVERAGES,2017-08-22,2.690278971169413e+55
20,BOOKS,2017-08-22,0.12888300948613107
20,BREAD/BAKERY,2017-08-22,0.0
20,CELEBRATION,2017-08-22,0.6249654228189869
20,CLEANING,2017-08-22,0.0
20,DAIRY,2017-08-22,0.0
20,DELI,2017-08-22,0.0
20,EGGS,2017-08-22,4.352025275110617
20,FROZEN FOODS,2017-08-22,3.5085779852768306
20,GROCERY I,2017-08-22,38434906.67925444
20,GROCERY II,2017-08-22,0.9262762343633104
20,HARDWARE,2017-08-22,0.12888300948613107
20,HOME AND KITCHEN I,2017-08-22,1.217730122265193
20,HOME AND KITCHEN II,2017-08-22,1.5583967882753398
20,HOME APPLIANCES,2017-08-22,0.12888300948613107
20,HOME CARE,2017-08-22,0.0
20,LADIESWEAR,2017-08-22,0.12888300948613107
20,LAWN AND GARDEN,2017-08-22,0.6249654228189869
20,LINGERIE,2017-08-22,0.5305095915063849
20,"LIQUOR,WINE,BEER",2017-08-22,1.0264223000928454
20,MAGAZINES,2017-08-22,0.17898641998592346
20,MEATS,2017-08-22,0.0
20,PERSONAL CARE,2017-08-22,0.0
20,PET SUPPLIES,2017-08-22,0.17898641998592346
20,PLAYERS AND ELECTRONICS,2017-08-22,0.6720765566576166
20,POULTRY,2017-08-22,0.0
20,PREPARED FOODS,2017-08-22,1.9778097916427253
20,PRODUCE,2017-08-22,0.0
20,SCHOOL AND OFFICE SUPPLIES,2017-08-22,10.290228716072516
20,SEAFOOD,2017-08-22,0.838312788302721
21,AUTOMOTIVE,2017-08-22,1.1558626496201274
21,BABY CARE,2017-08-22,0.12888300948613107
21,BEAUTY,2017-08-22,0.2619076927595674
21,BEVERAGES,2017-08-22,2.5921513007169052e+16
21,BOOKS,2017-08-22,0.12888300948613107
21,BREAD/BAKERY,2017-08-22,0.0
21,CELEBRATION,2017-08-22,0.9435004372210956
21,CLEANING,2017-08-22,0.0
21,DAIRY,2017-08-22,0.0
21,DELI,2017-08-22,0.0
21,EGGS,2017-08-22,0.0
21,FROZEN FOODS,2017-08-22,10.290228716072516
21,GROCERY I,2017-08-22,0.0
21,GROCERY II,2017-08-22,0.8295722834711114
21,HARDWARE,2017-08-22,0.12888300948613107
21,HOME AND KITCHEN I,2017-08-22,1.1734179783235903
21,HOME AND KITCHEN II,2017-08-22,1.8858753435130051
21,HOME APPLIANCES,2017-08-22,0.12888300948613107
21,HOME CARE,2017-08-22,0.0
21,LADIESWEAR,2017-08-22,0.3622597840387487
21,LAWN AND GARDEN,2017-08-22,0.27274427051190875
21,LINGERIE,2017-08-22,0.8920393107626539
21,"LIQUOR,WINE,BEER",2017-08-22,6.456930706399309
21,MAGAZINES,2017-08-22,0.27274427051190875
21,MEATS,2017-08-22,12.402360932321665
21,PERSONAL CARE,2017-08-22,0.0
21,PET SUPPLIES,2017-08-22,0.2186564306812533
21,PLAYERS AND ELECTRONICS,2017-08-22,0.6720765566576166
21,POULTRY,2017-08-22,91.76334611973371
21,PREPARED FOODS,2017-08-22,130.71098957186015
21,PRODUCE,2017-08-22,0.0
21,SCHOOL AND OFFICE SUPPLIES,2017-08-22,0.12888300948613107
21,SEAFOOD,2017-08-22,0.27274427051190875
22,AUTOMOTIVE,2017-08-22,0.2619076927595674
22,BABY CARE,2017-08-22,0.12888300948613107
22,BEAUTY,2017-08-22,0.27274427051190875
22,BEVERAGES,2017-08-22,0.0
22,BOOKS,2017-08-22,0.12888300948613107
22,BREAD/BAKERY,2017-08-22,12.402360932321665
22,CELEBRATION,2017-08-22,0.2619076927595674
22,CLEANING,2017-08-22,0.0
22,DAIRY,2017-08-22,0.0
22,DELI,2017-08-22,148.80803858571667
22,EGGS,2017-08-22,13.394743619767652
22,FROZEN FOODS,2017-08-22,4.529968686979422
22,GROCERY I,2017-08-22,85924006491022.8
22,GROCERY II,2017-08-22,0.5305095915063849
22,HARDWARE,2017-08-22,0.12888300948613107
22,HOME AND KITCHEN I,2017-08-22,2.088773617346571
22,HOME AND KITCHEN II,2017-08-22,1.5583967882753398
22,HOME APPLIANCES,2017-08-22,0.12888300948613107
22,HOME CARE,2017-08-22,91.76334611973371
22,LADIESWEAR,2017-08-22,0.12888300948613107
22,LAWN AND GARDEN,2017-08-22,0.12888300948613107
22,LINGERIE,2017-08-22,0.3622597840387487
22,"LIQUOR,WINE,BEER",2017-08-22,6.152738786448211
22,MAGAZINES,2017-08-22,0.3622597840387487
22,MEATS,2017-08-22,27.92638957706666
22,PERSONAL CARE,2017-08-22,27.92638957706666
22,PET SUPPLIES,2017-08-22,0.12888300948613107
22,PLAYERS AND ELECTRONICS,2017-08-22,0.3622597840387487
22,POULTRY,2017-08-22,91.76334611973371
22,PREPARED FOODS,2017-08-22,2.088773617346571
22,PRODUCE,2017-08-22,0.0
22,SCHOOL AND OFFICE SUPPLIES,2017-08-22,0.6720765566576166
22,SEAFOOD,2017-08-22,0.12888300948613107
23,AUTOMOTIVE,2017-08-22,0.12888300948613107
23,BABY CARE,2017-08-22,0.12888300948613107
23,BEAUTY,2017-08-22,0.2186564306812533
23,BEVERAGES,2017-08-22,0.0
23,BOOKS,2017-08-22,0.12888300948613107
23,BREAD/BAKERY,2017-08-22,6.4463045838352215
23,CELEBRATION,2017-08-22,0.6391227836436235
23,CLEANING,2017-08-22,0.0
23,DAIRY,2017-08-22,0.0
23,DELI,2017-08-22,12.402360932321665
23,EGGS,2017-08-22,1.0264223000928454
23,FROZEN FOODS,2017-08-22,2.4264309634446084
23,GROCERY I,2017-08-22,175409767231.81995
23,GROCERY II,2017-08-22,1.5222771438158298
23,HARDWARE,2017-08-22,0.12888300948613107
23,HOME AND KITCHEN I,2017-08-22,1.136756394278259
23,HOME AND KITCHEN II,2017-08-22,0.8295722834711114
23,HOME APPLIANCES,2017-08-22,0.12888300948613107
23,HOME CARE,2017-08-22,12.402360932321665
23,LADIESWEAR,2017-08-22,1.217730122265193
23,LAWN AND GARDEN,2017-08-22,0.12888300948613107
23,LINGERIE,2017-08-22,0.2186564306812533
23,"LIQUOR,WINE,BEER",2017-08-22,2.4264309634446084
23,MAGAZINES,2017-08-22,0.3622597840387487
23,MEATS,2017-08-22,394.74801336689075
23,PERSONAL CARE,2017-08-22,34.43679739170563
23,PET SUPPLIES,2017-08-22,0.3622597840387487
23,PLAYERS AND ELECTRONICS,2017-08-22,0.3622597840387487
23,POULTRY,2017-08-22,3554.9105634221855
23,PREPARED FOODS,2017-08-22,2.088773617346571
23,PRODUCE,2017-08-22,0.0
23,SCHOOL AND OFFICE SUPPLIES,2017-08-22,0.12888300948613107
23,SEAFOOD,2017-08-22,0.4177632269508995
24,AUTOMOTIVE,2017-08-22,0.12888300948613107
24,BABY CARE,2017-08-22,0.12888300948613107
24,BEAUTY,2017-08-22,0.12888300948613107
24,BEVERAGES,2017-08-22,63.749456334051615
24,BOOKS,2017-08-22,0.12888300948613107
24,BREAD/BAKERY,2017-08-22,0.0
24,CELEBRATION,2017-08-22,0.8295722834711114
24,CLEANING,2017-08-22,0.0
24,DAIRY,2017-08-22,0.0
24,DELI,2017-08-22,0.0
24,EGGS,2017-08-22,0.0
24,FROZEN FOODS,2017-08-22,16.911646889338176
24,GROCERY I,2017-08-22,6697989702.106471
24,GROCERY II,2017-08-22,1.1734179783235903
24,HARDWARE,2017-08-22,0.12888300948613107
24,HOME AND KITCHEN I,2017-08-22,1.5583967882753398
24,HOME AND KITCHEN II,2017-08-22,2.9734450950057445
24,HOME APPLIANCES,2017-08-22,0.12888300948613107
24,HOME CARE,2017-08-22,0.8121968115368245
24,LADIESWEAR,2017-08-22,0.7496060067508592
24,LAWN AND GARDEN,2017-08-22,1.426735451476532
24,LINGERIE,2017-08-22,0.6391227836436235
24,"LIQUOR,WINE,BEER",2017-08-22,1.9778097916427253
24,MAGAZINES,2017-08-22,1.0294858057018628
24,MEATS,2017-08-22,59.72484801957188
24,PERSONAL CARE,2017-08-22,6.4463045838352215
24,PET SUPPLIES,2017-08-22,1.217730122265193
24,PLAYERS AND ELECTRONICS,2017-08-22,0.9435004372210956
24,POULTRY,2017-08-22,4.370151120269169
24,PREPARED FOODS,2017-08-22,10.290228716072516
24,PRODUCE,2017-08-22,0.0
24,SCHOOL AND OFFICE SUPPLIES,2017-08-22,0.12888300948613107
24,SEAFOOD,2017-08-22,2.9734450950057445
25,AUTOMOTIVE,2017-08-22,0.19672443910905524
25,BABY CARE,2017-08-22,0.12888300948613107
25,BEAUTY,2017-08-22,0.27274427051190875
25,BEVERAGES,2017-08-22,2.1043268732692942e+27
25,BOOKS,2017-08-22,0.12888300948613107
25,BREAD/BAKERY,2017-08-22,0.0
25,CELEBRATION,2017-08-22,0.888741874373721
25,CLEANING,2017-08-22,0.0
25,DAIRY,2017-08-22,0.0
25,DELI,2017-08-22,474.64278093257985
25,EGGS,2017-08-22,7.298939480975905
25,FROZEN FOODS,2017-08-22,36.04360564110377
25,GROCERY I,2017-08-22,60483765147498.74
25,GROCERY II,2017-08-22,2.1068905486695644
25,HARDWARE,2017-08-22,0.12888300948613107
25,HOME AND KITCHEN I,2017-08-22,1.254104512192733
25,HOME AND KITCHEN II,2017-08-22,0.838312788302721
25,HOME APPLIANCES,2017-08-22,0.12888300948613107
25,HOME CARE,2017-08-22,3.5085779852768306
25,LADIESWEAR,2017-08-22,0.12888300948613107
25,LAWN AND GARDEN,2017-08-22,1.0643373072514093
25,LINGERIE,2017-08-22,0.3622597840387487
25,"LIQUOR,WINE,BEER",2017-08-22,0.0
25,MAGAZINES,2017-08-22,1.33495056049177
25,MEATS,2017-08-22,0.0
25,PERSONAL CARE,2017-08-22,12.402360932321665
25,PET SUPPLIES,2017-08-22,0.3622597840387487
25,PLAYERS AND ELECTRONICS,2017-08-22,0.27274427051190875
25,POULTRY,2017-08-22,430.56642619023864
25,PREPARED FOODS,2017-08-22,1.0264223000928454
25,PRODUCE,2017-08-22,128605258030329.55
25,SCHOOL AND OFFICE SUPPLIES,2017-08-22,0.12888300948613107
25,SEAFOOD,2017-08-22,0.6249654228189869
26,AUTOMOTIVE,2017-08-22,0.2186564306812533
26,BABY CARE,2017-08-22,0.12888300948613107
26,BEAUTY,2017-08-22,0.12888300948613107
26,BEVERAGES,2017-08-22,0.0
26,BOOKS,2017-08-22,0.12888300948613107
26,BREAD/BAKERY,2017-08-22,0.2295295420168122
26,CELEBRATION,2017-08-22,0.3622597840387487
26,CLEANING,2017-08-22,0.0
26,DAIRY,2017-08-22,0.0
26,DELI,2017-08-22,10.290228716072516
26,EGGS,2017-08-22,1.8690471982706391
26,FROZEN FOODS,2017-08-22,1.254104512192733
26,GROCERY I,2017-08-22,0.0
26,GROCERY II,2017-08-22,0.27274427051190875
26,HARDWARE,2017-08-22,0.12888300948613107
26,HOME AND KITCHEN I,2017-08-22,0.982573576158505
26,HOME AND KITCHEN II,2017-08-22,0.5305095915063849
26,HOME APPLIANCES,2017-08-22,0.12888300948613107
26,HOME CARE,2017-08-22,3.683601600969836
26,LADIESWEAR,2017-08-22,0.12888300948613107
26,LAWN AND GARDEN,2017-08-22,0.17898641998592346
26,LINGERIE,2017-08-22,0.12888300948613107
26,"LIQUOR,WINE,BEER",2017-08-22,1.6936235183757495
26,MAGAZINES,2017-08-22,0.12888300948613107
26,MEATS,2017-08-22,0.0
26,PERSONAL CARE,2017-08-22,10.290228716072516
26,PET SUPPLIES,2017-08-22,0.12888300948613107
26,PLAYERS AND ELECTRONICS,2017-08-22,0.12888300948613107
26,POULTRY,2017-08-22,12.402360932321665
26,PREPARED FOODS,2017-08-22,2.088773617346571
26,PRODUCE,2017-08-22,199.7867598392827
26,SCHOOL AND OFFICE SUPPLIES,2017-08-22,0.12888300948613107
26,SEAFOOD,2017-08-22,0.12888300948613107
27,AUTOMOTIVE,2017-08-22,0.6249654228189869
27,BABY CARE,2017-08-22,0.12888300948613107
27,BEAUTY,2017-08-22,0.2186564306812533
27,BEVERAGES,2017-08-22,0.0
27,BOOKS,2017-08-22,0.12888300948613107
27,BREAD/BAKERY,2017-08-22,0.0
27,CELEBRATION,2017-08-22,1.217730122265193
27,CLEANING,2017-08-22,0.0
27,DAIRY,2017-08-22,0.0
27,DELI,2017-08-22,0.0
27,EGGS,2017-08-22,0.8121968115368245
27,FROZEN FOODS,2017-08-22,93.15686671084512
27,GROCERY I,2017-08-22,6209250205792019.0
27,GROCERY II,2017-08-22,1.1734179783235903
27,HARDWARE,2017-08-22,0.33774338273770255
27,HOME AND KITCHEN I,2017-08-22,1.5583967882753398
27,HOME AND KITCHEN II,2017-08-22,1.254104512192733
27,HOME APPLIANCES,2017-08-22,0.12888300948613107
27,HOME CARE,2017-08-22,0.0
27,LADIESWEAR,2017-08-22,0.8920393107626539
27,LAWN AND GARDEN,2017-08-22,1.1734179783235903
27,LINGERIE,2017-08-22,0.838312788302721
27,"LIQUOR,WINE,BEER",2017-08-22,188.94057825557286
27,MAGAZINES,2017-08-22,0.3622597840387487
27,MEATS,2017-08-22,0.0
27,PERSONAL CARE,2017-08-22,0.907913628121161
27,PET SUPPLIES,2017-08-22,0.9435004372210956
27,PLAYERS AND ELECTRONICS,2017-08-22,0.9435004372210956
27,POULTRY,2017-08-22,2.101640147923101
27,PREPARED FOODS,2017-08-22,10.290228716072516
27,PRODUCE,2017-08-22,0.29337476417503905
27,SCHOOL AND OFFICE SUPPLIES,2017-08-22,0.12888300948613107
27,SEAFOOD,2017-08-22,1.5583967882753398
28,AUTOMOTIVE,2017-08-22,0.27274427051190875
28,BABY CARE,2017-08-22,0.12888300948613107
28,BEAUTY,2017-08-22,0.27274427051190875
28,BEVERAGES,2017-08-22,1.8255489965203245e+35
28,BOOKS,2017-08-22,0.12888300948613107
28,BREAD/BAKERY,2017-08-22,0.0
28,CELEBRATION,2017-08-22,0.838312788302721
28,CLEANING,2017-08-22,0.0
28,DAIRY,2017-08-22,0.0
28,DELI,2017-08-22,3.5334192105108384
28,EGGS,2017-08-22,0.0
28,FROZEN FOODS,2017-08-22,1.9778097916427253
28,GROCERY I,2017-08-22,4.729231469577607e+43
28,GROCERY II,2017-08-22,3.030345830304748
28,HARDWARE,2017-08-22,0.12888300948613107
28,HOME AND KITCHEN I,2017-08-22,1.8690471982706391
28,HOME AND KITCHEN II,2017-08-22,1.217730122265193
28,HOME APPLIANCES,2017-08-22,0.12888300948613107
28,HOME CARE,2017-08-22,0.0
28,LADIESWEAR,2017-08-22,0.12888300948613107
28,LAWN AND GARDEN,2017-08-22,0.6720765566576166
28,LINGERIE,2017-08-22,0.24983886755200624
28,"LIQUOR,WINE,BEER",2017-08-22,0.4209745433828993
28,MAGAZINES,2017-08-22,0.12888300948613107
28,MEATS,2017-08-22,2.974089052938947
28,PERSONAL CARE,2017-08-22,105590.26333173299
28,PET SUPPLIES,2017-08-22,0.27274427051190875
28,PLAYERS AND ELECTRONICS,2017-08-22,0.17898641998592346
28,POULTRY,2017-08-22,0.0036417833067297067
28,PREPARED FOODS,2017-08-22,10.290228716072516
28,PRODUCE,2017-08-22,0.0
28,SCHOOL AND OFFICE SUPPLIES,2017-08-22,0.12888300948613107
28,SEAFOOD,2017-08-22,0.40175453396240957
29,AUTOMOTIVE,2017-08-22,0.3622597840387487
29,BABY CARE,2017-08-22,0.12888300948613107
29,BEAUTY,2017-08-22,0.27274427051190875
29,BEVERAGES,2017-08-22,930624972858.2705
29,BOOKS,2017-08-22,0.12888300948613107
29,BREAD/BAKERY,2017-08-22,0.0
29,CELEBRATION,2017-08-22,0.8295722834711114
29,CLEANING,2017-08-22,0.0
29,DAIRY,2017-08-22,0.0
29,DELI,2017-08-22,151.89954668580637
29,EGGS,2017-08-22,0.0
29,FROZEN FOODS,2017-08-22,3.5085779852768306
29,GROCERY I,2017-08-22,1.6624629005729977e+27
29,GROCERY II,2017-08-22,1.5583967882753398
29,HARDWARE,2017-08-22,0.12888300948613107
29,HOME AND KITCHEN I,2017-08-22,1.8690471982706391
29,HOME AND KITCHEN II,2017-08-22,1.5583967882753398
29,HOME APPLIANCES,2017-08-22,0.12888300948613107
29,HOME CARE,2017-08-22,0.0
29,LADIESWEAR,2017-08-22,0.12888300948613107
29,LAWN AND GARDEN,2017-08-22,0.3622597840387487
29,LINGERIE,2017-08-22,0.5305095915063849
29,"LIQUOR,WINE,BEER",2017-08-22,3.5085779852768306
29,MAGAZINES,2017-08-22,0.2186564306812533
29,MEATS,2017-08-22,12.402360932321665
29,PERSONAL CARE,2017-08-22,1.2508285211774002
29,PET SUPPLIES,2017-08-22,0.17898641998592346
29,PLAYERS AND ELECTRONICS,2017-08-22,0.5305095915063849
29,POULTRY,2017-08-22,4854.90971355117
29,PREPARED FOODS,2017-08-22,6.456930706399309
29,PRODUCE,2017-08-22,0.0
29,SCHOOL AND OFFICE SUPPLIES,2017-08-22,0.12888300948613107
29,SEAFOOD,2017-08-22,0.5305095915063849
30,AUTOMOTIVE,2017-08-22,0.2186564306812533
30,BABY CARE,2017-08-22,0.12888300948613107
30,BEAUTY,2017-08-22,0.12888300948613107
30,BEVERAGES,2017-08-22,0.0
30,BOOKS,2017-08-22,0.12888300948613107
30,BREAD/BAKERY,2017-08-22,548.304788944471
30,CELEBRATION,2017-08-22,0.5305095915063849
30,CLEANING,2017-08-22,0.0
30,DAIRY,2017-08-22,0.0
30,DELI,2017-08-22,135.8267473926057
30,EGGS,2017-08-22,93.15686671084512
30,FROZEN FOODS,2017-08-22,1.01154421270437
30,GROCERY I,2017-08-22,0.0
30,GROCERY II,2017-08-22,0.6249654228189869
30,HARDWARE,2017-08-22,0.12888300948613107
30,HOME AND KITCHEN I,2017-08-22,1.33495056049177
30,HOME AND KITCHEN II,2017-08-22,0.40175453396240957
30,HOME APPLIANCES,2017-08-22,0.12888300948613107
30,HOME CARE,2017-08-22,130.71098957186015
30,LADIESWEAR,2017-08-22,0.12888300948613107
30,LAWN AND GARDEN,2017-08-22,0.12888300948613107
30,LINGERIE,2017-08-22,0.12888300948613107
30,"LIQUOR,WINE,BEER",2017-08-22,1.1734179783235903
30,MAGAZINES,2017-08-22,0.12888300948613107
30,MEATS,2017-08-22,4.475640546755553
30,PERSONAL CARE,2017-08-22,114.26366737469978
30,PET SUPPLIES,2017-08-22,0.12888300948613107
30,PLAYERS AND ELECTRONICS,2017-08-22,0.27274427051190875
30,POULTRY,2017-08-22,10.290228716072516
30,PREPARED FOODS,2017-08-22,2.088773617346571
30,PRODUCE,2017-08-22,0.0
30,SCHOOL AND OFFICE SUPPLIES,2017-08-22,0.12888300948613107
30,SEAFOOD,2017-08-22,0.27274427051190875
31,AUTOMOTIVE,2017-08-22,0.5957211443979915
31,BABY CARE,2017-08-22,0.12888300948613107
31,BEAUTY,2017-08-22,0.12888300948613107
31,BEVERAGES,2017-08-22,2.4827092865480525e+53
31,BOOKS,2017-08-22,0.12888300948613107
31,BREAD/BAKERY,2017-08-22,0.0
31,CELEBRATION,2017-08-22,0.6391227836436235
31,CLEANING,2017-08-22,0.0
31,DAIRY,2017-08-22,0.0
31,DELI,2017-08-22,0.31921267195722347
31,EGGS,2017-08-22,0.0
31,FROZEN FOODS,2017-08-22,10.290228716072516
31,GROCERY I,2017-08-22,7.6384210312427905e+40
31,GROCERY II,2017-08-22,1.136756394278259
31,HARDWARE,2017-08-22,0.12888300948613107
31,HOME AND KITCHEN I,2017-08-22,3.030345830304748
31,HOME AND KITCHEN II,2017-08-22,1.5583967882753398
31,HOME APPLIANCES,2017-08-22,0.12888300948613107
31,HOME CARE,2017-08-22,0.0
31,LADIESWEAR,2017-08-22,0.12888300948613107
31,LAWN AND GARDEN,2017-08-22,0.5929401297868273
31,LINGERIE,2017-08-22,0.6720765566576166
31,"LIQUOR,WINE,BEER",2017-08-22,1.217730122265193
31,MAGAZINES,2017-08-22,0.12888300948613107
31,MEATS,2017-08-22,0.0
31,PERSONAL CARE,2017-08-22,1.2508285211774002
31,PET SUPPLIES,2017-08-22,0.27274427051190875
31,PLAYERS AND ELECTRONICS,2017-08-22,0.3622597840387487
31,POULTRY,2017-08-22,12.402360932321665
31,PREPARED FOODS,2017-08-22,3.5085779852768306
31,PRODUCE,2017-08-22,0.0
31,SCHOOL AND OFFICE SUPPLIES,2017-08-22,0.12888300948613107
31,SEAFOOD,2017-08-22,0.5305095915063849
32,AUTOMOTIVE,2017-08-22,0.12888300948613107
32,BABY CARE,2017-08-22,0.12888300948613107
32,BEAUTY,2017-08-22,0.12888300948613107
32,BEVERAGES,2017-08-22,0.0
32,BOOKS,2017-08-22,0.12888300948613107
32,BREAD/BAKERY,2017-08-22,12.402360932321665
32,CELEBRATION,2017-08-22,0.17898641998592346
32,CLEANING,2017-08-22,0.0
32,DAIRY,2017-08-22,635.6470887409633
32,DELI,2017-08-22,10.290228716072516
32,EGGS,2017-08-22,0.0
32,FROZEN FOODS,2017-08-22,1.5583967882753398
32,GROCERY I,2017-08-22,0.0
32,GROCERY II,2017-08-22,0.12888300948613107
32,HARDWARE,2017-08-22,0.12888300948613107
32,HOME AND KITCHEN I,2017-08-22,0.3622597840387487
32,HOME AND KITCHEN II,2017-08-22,0.5305095915063849
32,HOME APPLIANCES,2017-08-22,0.12888300948613107
32,HOME CARE,2017-08-22,2.818535739571087
32,LADIESWEAR,2017-08-22,0.12888300948613107
32,LAWN AND GARDEN,2017-08-22,0.12888300948613107
32,LINGERIE,2017-08-22,0.12888300948613107
32,"LIQUOR,WINE,BEER",2017-08-22,1.1511707807080942
32,MAGAZINES,2017-08-22,0.12888300948613107
32,MEATS,2017-08-22,6.456930706399309
32,PERSONAL CARE,2017-08-22,6.456930706399309
32,PET SUPPLIES,2017-08-22,0.12888300948613107
32,PLAYERS AND ELECTRONICS,2017-08-22,0.12888300948613107
32,POULTRY,2017-08-22,2.4264309634446084
32,PREPARED FOODS,2017-08-22,1.217730122265193
32,PRODUCE,2017-08-22,10755.763153629068
32,SCHOOL AND OFFICE SUPPLIES,2017-08-22,0.12888300948613107
32,SEAFOOD,2017-08-22,0.12888300948613107
33,AUTOMOTIVE,2017-08-22,0.6720765566576166
33,BABY CARE,2017-08-22,0.12888300948613107
33,BEAUTY,2017-08-22,0.27274427051190875
33,BEVERAGES,2017-08-22,642186168016245.2
33,BOOKS,2017-08-22,0.12888300948613107
33,BREAD/BAKERY,2017-08-22,4.125563007022726
33,CELEBRATION,2017-08-22,0.6391227836436235
33,CLEANING,2017-08-22,0.0
33,DAIRY,2017-08-22,0.0
33,DELI,2017-08-22,1774.464577199498
33,EGGS,2017-08-22,0.0
33,FROZEN FOODS,2017-08-22,4.529968686979422
33,GROCERY I,2017-08-22,7293778034386567.0
33,GROCERY II,2017-08-22,0.17898641998592346
33,HARDWARE,2017-08-22,0.12888300948613107
33,HOME AND KITCHEN I,2017-08-22,4.20233805724911
33,HOME AND KITCHEN II,2017-08-22,1.5583967882753398
33,HOME APPLIANCES,2017-08-22,0.12888300948613107
33,HOME CARE,2017-08-22,0.0
33,LADIESWEAR,2017-08-22,0.12888300948613107
33,LAWN AND GARDEN,2017-08-22,0.12888300948613107
33,LINGERIE,2017-08-22,0.9262762343633104
33,"LIQUOR,WINE,BEER",2017-08-22,1.0264223000928454
33,MAGAZINES,2017-08-22,0.12888300948613107
33,MEATS,2017-08-22,0.0
33,PERSONAL CARE,2017-08-22,0.45151867991214645
33,PET SUPPLIES,2017-08-22,0.2186564306812533
33,PLAYERS AND ELECTRONICS,2017-08-22,0.27274427051190875
33,POULTRY,2017-08-22,0.5573939223792561
33,PREPARED FOODS,2017-08-22,1.254104512192733
33,PRODUCE,2017-08-22,0.0
33,SCHOOL AND OFFICE SUPPLIES,2017-08-22,0.12888300948613107
33,SEAFOOD,2017-08-22,0.12888300948613107
34,AUTOMOTIVE,2017-08-22,0.27274427051190875
34,BABY CARE,2017-08-22,0.12888300948613107
34,BEAUTY,2017-08-22,0.12888300948613107
34,BEVERAGES,2017-08-22,0.0
34,BOOKS,2017-08-22,0.12888300948613107
34,BREAD/BAKERY,2017-08-22,0.0
34,CELEBRATION,2017-08-22,0.8295722834711114
34,CLEANING,2017-08-22,0.0
34,DAIRY,2017-08-22,0.0
34,DELI,2017-08-22,0.18484733113483554
34,EGGS,2017-08-22,32.658992890346596
34,FROZEN FOODS,2017-08-22,2.4264309634446084
34,GROCERY I,2017-08-22,0.0
34,GROCERY II,2017-08-22,0.9435004372210956
34,HARDWARE,2017-08-22,0.12888300948613107
34,HOME AND KITCHEN I,2017-08-22,1.5583967882753398
34,HOME AND KITCHEN II,2017-08-22,1.254104512192733
34,HOME APPLIANCES,2017-08-22,0.12888300948613107
34,HOME CARE,2017-08-22,528.3425582055198
34,LADIESWEAR,2017-08-22,0.12888300948613107
34,LAWN AND GARDEN,2017-08-22,0.17898641998592346
34,LINGERIE,2017-08-22,0.12888300948613107
34,"LIQUOR,WINE,BEER",2017-08-22,2.088773617346571
34,MAGAZINES,2017-08-22,0.27274427051190875
34,MEATS,2017-08-22,946.0351523072225
34,PERSONAL CARE,2017-08-22,0.0
34,PET SUPPLIES,2017-08-22,0.27274427051190875
34,PLAYERS AND ELECTRONICS,2017-08-22,0.5305095915063849
34,POULTRY,2017-08-22,27.92638957706666
34,PREPARED FOODS,2017-08-22,1.8690471982706391
34,PRODUCE,2017-08-22,0.0
34,SCHOOL AND OFFICE SUPPLIES,2017-08-22,0.27274427051190875
34,SEAFOOD,2017-08-22,0.2186564306812533
35,AUTOMOTIVE,2017-08-22,0.27274427051190875
35,BABY CARE,2017-08-22,0.12888300948613107
35,BEAUTY,2017-08-22,0.12888300948613107
35,BEVERAGES,2017-08-22,0.0
35,BOOKS,2017-08-22,0.12888300948613107
35,BREAD/BAKERY,2017-08-22,12.402360932321665
35,CELEBRATION,2017-08-22,0.12888300948613107
35,CLEANING,2017-08-22,0.0
35,DAIRY,2017-08-22,91.76334611973371
35,DELI,2017-08-22,10.290228716072516
35,EGGS,2017-08-22,447.3871424926016
35,FROZEN FOODS,2017-08-22,3.5085779852768306
35,GROCERY I,2017-08-22,265397292855.71625
35,GROCERY II,2017-08-22,0.30964377915893926
35,HARDWARE,2017-08-22,0.12888300948613107
35,HOME AND KITCHEN I,2017-08-22,0.9435004372210956
35,HOME AND KITCHEN II,2017-08-22,0.27274427051190875
35,HOME APPLIANCES,2017-08-22,0.12888300948613107
35,HOME CARE,2017-08-22,2.818535739571087
35,LADIESWEAR,2017-08-22,0.12888300948613107
35,LAWN AND GARDEN,2017-08-22,0.12888300948613107
35,LINGERIE,2017-08-22,0.12888300948613107
35,"LIQUOR,WINE,BEER",2017-08-22,6.456930706399309
35,MAGAZINES,2017-08-22,0.12888300948613107
35,MEATS,2017-08-22,1117.0204843655372
35,PERSONAL CARE,2017-08-22,1.9778097916427253
35,PET SUPPLIES,2017-08-22,0.12888300948613107
35,PLAYERS AND ELECTRONICS,2017-08-22,0.12888300948613107
35,POULTRY,2017-08-22,0.4209745433828993
35,PREPARED FOODS,2017-08-22,3.030345830304748
35,PRODUCE,2017-08-22,0.0
35,SCHOOL AND OFFICE SUPPLIES,2017-08-22,0.12888300948613107
35,SEAFOOD,2017-08-22,0.2186564306812533
36,AUTOMOTIVE,2017-08-22,0.2619076927595674
36,BABY CARE,2017-08-22,0.12888300948613107
36,BEAUTY,2017-08-22,0.12888300948613107
36,BEVERAGES,2017-08-22,5012850108123935.0
36,BOOKS,2017-08-22,0.12888300948613107
36,BREAD/BAKERY,2017-08-22,0.0
36,CELEBRATION,2017-08-22,0.838312788302721
36,CLEANING,2017-08-22,0.0
36,DAIRY,2017-08-22,0.0
36,DELI,2017-08-22,508.1331214024435
36,EGGS,2017-08-22,1343.6575860762823
36,FROZEN FOODS,2017-08-22,4.352025275110617
36,GROCERY I,2017-08-22,1135388405643.2478
36,GROCERY II,2017-08-22,0.6391227836436235
36,HARDWARE,2017-08-22,0.12888300948613107
36,HOME AND KITCHEN I,2017-08-22,1.1816161622933006
36,HOME AND KITCHEN II,2017-08-22,0.9435004372210956
36,HOME APPLIANCES,2017-08-22,0.12888300948613107
36,HOME CARE,2017-08-22,0.18484733113483554
36,LADIESWEAR,2017-08-22,0.12888300948613107
36,LAWN AND GARDEN,2017-08-22,0.9607023404568584
36,LINGERIE,2017-08-22,0.2186564306812533
36,"LIQUOR,WINE,BEER",2017-08-22,3.5085779852768306
36,MAGAZINES,2017-08-22,0.2186564306812533
36,MEATS,2017-08-22,2.3686345237455413
36,PERSONAL CARE,2017-08-22,0.45151867991214645
36,PET SUPPLIES,2017-08-22,0.33774338273770255
36,PLAYERS AND ELECTRONICS,2017-08-22,0.2186564306812533
36,POULTRY,2017-08-22,135.8267473926057
36,PREPARED FOODS,2017-08-22,1.0264223000928454
36,PRODUCE,2017-08-22,0.0
36,SCHOOL AND OFFICE SUPPLIES,2017-08-22,0.2186564306812533
36,SEAFOOD,2017-08-22,0.12888300948613107
37,AUTOMOTIVE,2017-08-22,0.12888300948613107
37,BABY CARE,2017-08-22,0.12888300948613107
37,BEAUTY,2017-08-22,0.5929401297868273
37,BEVERAGES,2017-08-22,1395916.360295179
37,BOOKS,2017-08-22,0.12888300948613107
37,BREAD/BAKERY,2017-08-22,0.0
37,CELEBRATION,2017-08-22,0.27274427051190875
37,CLEANING,2017-08-22,0.0
37,DAIRY,2017-08-22,0.0
37,DELI,2017-08-22,12.402360932321665
37,EGGS,2017-08-22,10.290228716072516
37,FROZEN FOODS,2017-08-22,10.290228716072516
37,GROCERY I,2017-08-22,0.0
37,GROCERY II,2017-08-22,1.1734179783235903
37,HARDWARE,2017-08-22,0.12888300948613107
37,HOME AND KITCHEN I,2017-08-22,1.254104512192733
37,HOME AND KITCHEN II,2017-08-22,1.426735451476532
37,HOME APPLIANCES,2017-08-22,0.12888300948613107
37,HOME CARE,2017-08-22,4854.90971355117
37,LADIESWEAR,2017-08-22,1.5583967882753398
37,LAWN AND GARDEN,2017-08-22,1.5583967882753398
37,LINGERIE,2017-08-22,0.12888300948613107
37,"LIQUOR,WINE,BEER",2017-08-22,3.5085779852768306
37,MAGAZINES,2017-08-22,1.0294858057018628
37,MEATS,2017-08-22,6508.272673561065
37,PERSONAL CARE,2017-08-22,6.4463045838352215
37,PET SUPPLIES,2017-08-22,0.9435004372210956
37,PLAYERS AND ELECTRONICS,2017-08-22,1.0294858057018628
37,POULTRY,2017-08-22,4.223645254037169
37,PREPARED FOODS,2017-08-22,0.8450845295665455
37,PRODUCE,2017-08-22,15220053892.176977
37,SCHOOL AND OFFICE SUPPLIES,2017-08-22,0.12888300948613107
37,SEAFOOD,2017-08-22,0.8295722834711114
38,AUTOMOTIVE,2017-08-22,0.24983886755200624
38,BABY CARE,2017-08-22,0.12888300948613107
38,BEAUTY,2017-08-22,0.6720765566576166
38,BEVERAGES,2017-08-22,52.89967869481419
38,BOOKS,2017-08-22,0.12888300948613107
38,BREAD/BAKERY,2017-08-22,0.0
38,CELEBRATION,2017-08-22,1.33495056049177
38,CLEANING,2017-08-22,0.0
38,DAIRY,2017-08-22,0.0
38,DELI,2017-08-22,27.92638957706666
38,EGGS,2017-08-22,3.5085779852768306
38,FROZEN FOODS,2017-08-22,10.290228716072516
38,GROCERY I,2017-08-22,0.0
38,GROCERY II,2017-08-22,2.1068905486695644
38,HARDWARE,2017-08-22,0.12888300948613107
38,HOME AND KITCHEN I,2017-08-22,1.0264223000928454
38,HOME AND KITCHEN II,2017-08-22,1.5222771438158298
38,HOME APPLIANCES,2017-08-22,0.12888300948613107
38,HOME CARE,2017-08-22,0.0
38,LADIESWEAR,2017-08-22,1.8690471982706391
38,LAWN AND GARDEN,2017-08-22,1.136756394278259
38,LINGERIE,2017-08-22,0.624596116814228
38,"LIQUOR,WINE,BEER",2017-08-22,27.324288888626697
38,MAGAZINES,2017-08-22,0.9262762343633104
38,MEATS,2017-08-22,24.432035769940633
38,PERSONAL CARE,2017-08-22,0.0
38,PET SUPPLIES,2017-08-22,0.9435004372210956
38,PLAYERS AND ELECTRONICS,2017-08-22,0.8295722834711114
38,POULTRY,2017-08-22,12.402360932321665
38,PREPARED FOODS,2017-08-22,3.5085779852768306
38,PRODUCE,2017-08-22,788246082589535.8
38,SCHOOL AND OFFICE SUPPLIES,2017-08-22,1.7177091178735502
38,SEAFOOD,2017-08-22,1.33495056049177
39,AUTOMOTIVE,2017-08-22,0.5305095915063849
39,BABY CARE,2017-08-22,0.12888300948613107
39,BEAUTY,2017-08-22,0.27274427051190875
39,BEVERAGES,2017-08-22,0.0
39,BOOKS,2017-08-22,0.12888300948613107
39,BREAD/BAKERY,2017-08-22,0.0
39,CELEBRATION,2017-08-22,0.3622597840387487
39,CLEANING,2017-08-22,0.20703837299143735
39,DAIRY,2017-08-22,0.0
39,DELI,2017-08-22,447.3871424926016
39,EGGS,2017-08-22,0.0
39,FROZEN FOODS,2017-08-22,4.529968686979422
39,GROCERY I,2017-08-22,0.29492887850466376
39,GROCERY II,2017-08-22,1.8690471982706391
39,HARDWARE,2017-08-22,0.12888300948613107
39,HOME AND KITCHEN I,2017-08-22,2.088773617346571
39,HOME AND KITCHEN II,2017-08-22,1.0294858057018628
39,HOME APPLIANCES,2017-08-22,0.12888300948613107
39,HOME CARE,2017-08-22,50.4013888949286
39,LADIESWEAR,2017-08-22,0.5305095915063849
39,LAWN AND GARDEN,2017-08-22,0.8295722834711114
39,LINGERIE,2017-08-22,0.30964377915893926
39,"LIQUOR,WINE,BEER",2017-08-22,2.4264309634446084
39,MAGAZINES,2017-08-22,0.6720765566576166
39,MEATS,2017-08-22,181.8627356544785
39,PERSONAL CARE,2017-08-22,0.0
39,PET SUPPLIES,2017-08-22,0.3622597840387487
39,PLAYERS AND ELECTRONICS,2017-08-22,0.33541197044399307
39,POULTRY,2017-08-22,508.1331214024435
39,PREPARED FOODS,2017-08-22,1.01154421270437
39,PRODUCE,2017-08-22,0.0
39,SCHOOL AND OFFICE SUPPLIES,2017-08-22,0.5929401297868273
39,SEAFOOD,2017-08-22,0.8295722834711114
40,AUTOMOTIVE,2017-08-22,0.2186564306812533
40,BABY CARE,2017-08-22,0.12888300948613107
40,BEAUTY,2017-08-22,0.12888300948613107
40,BEVERAGES,2017-08-22,0.0
40,BOOKS,2017-08-22,0.12888300948613107
40,BREAD/BAKERY,2017-08-22,0.0
40,CELEBRATION,2017-08-22,0.5504088998708245
40,CLEANING,2017-08-22,0.0
40,DAIRY,2017-08-22,0.0
40,DELI,2017-08-22,5.078278037392016
40,EGGS,2017-08-22,0.028507397666279077
40,FROZEN FOODS,2017-08-22,1.5220531068033196
40,GROCERY I,2017-08-22,1.2806847581796407e+49
40,GROCERY II,2017-08-22,0.5929401297868273
40,HARDWARE,2017-08-22,0.12888300948613107
40,HOME AND KITCHEN I,2017-08-22,2.088773617346571
40,HOME AND KITCHEN II,2017-08-22,2.9734450950057445
40,HOME APPLIANCES,2017-08-22,0.12888300948613107
40,HOME CARE,2017-08-22,0.0
40,LADIESWEAR,2017-08-22,0.12888300948613107
40,LAWN AND GARDEN,2017-08-22,0.12888300948613107
40,LINGERIE,2017-08-22,0.9435004372210956
40,"LIQUOR,WINE,BEER",2017-08-22,1.426735451476532
40,MAGAZINES,2017-08-22,0.27274427051190875
40,MEATS,2017-08-22,27.92638957706666
40,PERSONAL CARE,2017-08-22,0.0
40,PET SUPPLIES,2017-08-22,0.2186564306812533
40,PLAYERS AND ELECTRONICS,2017-08-22,0.9262762343633104
40,POULTRY,2017-08-22,57.30332002678394
40,PREPARED FOODS,2017-08-22,3.8504861729186057
40,PRODUCE,2017-08-22,0.0
40,SCHOOL AND OFFICE SUPPLIES,2017-08-22,0.12888300948613107
40,SEAFOOD,2017-08-22,0.3622597840387487
41,AUTOMOTIVE,2017-08-22,0.5748822539607517
41,BABY CARE,2017-08-22,0.12888300948613107
41,BEAUTY,2017-08-22,0.838312788302721
41,BEVERAGES,2017-08-22,883739511949859.5
41,BOOKS,2017-08-22,0.12888300948613107
41,BREAD/BAKERY,2017-08-22,0.0
41,CELEBRATION,2017-08-22,0.838312788302721
41,CLEANING,2017-08-22,0.0
41,DAIRY,2017-08-22,0.0
41,DELI,2017-08-22,0.0036417833067297067
41,EGGS,2017-08-22,27.92638957706666
41,FROZEN FOODS,2017-08-22,32.05793633412261
41,GROCERY I,2017-08-22,458862665189.26215
41,GROCERY II,2017-08-22,1.254104512192733
41,HARDWARE,2017-08-22,0.12888300948613107
41,HOME AND KITCHEN I,2017-08-22,1.426735451476532
41,HOME AND KITCHEN II,2017-08-22,1.1734179783235903
41,HOME APPLIANCES,2017-08-22,0.12888300948613107
41,HOME CARE,2017-08-22,0.0
41,LADIESWEAR,2017-08-22,3.030345830304748
41,LAWN AND GARDEN,2017-08-22,0.838312788302721
41,LINGERIE,2017-08-22,0.5929401297868273
41,"LIQUOR,WINE,BEER",2017-08-22,1.9778097916427253
41,MAGAZINES,2017-08-22,1.0294858057018628
41,MEATS,2017-08-22,0.31921267195722347
41,PERSONAL CARE,2017-08-22,0.0
41,PET SUPPLIES,2017-08-22,1.5583967882753398
41,PLAYERS AND ELECTRONICS,2017-08-22,0.888741874373721
41,POULTRY,2017-08-22,0.0
41,PREPARED FOODS,2017-08-22,4.529968686979422
41,PRODUCE,2017-08-22,5602.469461025116
41,SCHOOL AND OFFICE SUPPLIES,2017-08-22,0.12888300948613107
41,SEAFOOD,2017-08-22,0.5748822539607517
42,AUTOMOTIVE,2017-08-22,0.27274427051190875
42,BABY CARE,2017-08-22,0.12888300948613107
42,BEAUTY,2017-08-22,0.6249654228189869
42,BEVERAGES,2017-08-22,3254536797111.1035
42,BOOKS,2017-08-22,0.12888300948613107
42,BREAD/BAKERY,2017-08-22,0.0
42,CELEBRATION,2017-08-22,0.6720765566576166
42,CLEANING,2017-08-22,0.0
42,DAIRY,2017-08-22,0.0
42,DELI,2017-08-22,294.31392413827547
42,EGGS,2017-08-22,12.402360932321665
42,FROZEN FOODS,2017-08-22,3.5085779852768306
42,GROCERY I,2017-08-22,30331220040581.723
42,GROCERY II,2017-08-22,1.8690471982706391
42,HARDWARE,2017-08-22,0.12888300948613107
42,HOME AND KITCHEN I,2017-08-22,1.1734179783235903
42,HOME AND KITCHEN II,2017-08-22,17.808918973954714
42,HOME APPLIANCES,2017-08-22,0.12888300948613107
42,HOME CARE,2017-08-22,91.76334611973371
42,LADIESWEAR,2017-08-22,1.136756394278259
42,LAWN AND GARDEN,2017-08-22,1.1734179783235903
42,LINGERIE,2017-08-22,0.2186564306812533
42,"LIQUOR,WINE,BEER",2017-08-22,0.4209745433828993
42,MAGAZINES,2017-08-22,0.9435004372210956
42,MEATS,2017-08-22,0.0036417833067297067
42,PERSONAL CARE,2017-08-22,23.08935460308234
42,PET SUPPLIES,2017-08-22,0.6391227836436235
42,PLAYERS AND ELECTRONICS,2017-08-22,0.6391227836436235
42,POULTRY,2017-08-22,0.18484733113483554
42,PREPARED FOODS,2017-08-22,1.0264223000928454
42,PRODUCE,2017-08-22,9423410796142.2
42,SCHOOL AND OFFICE SUPPLIES,2017-08-22,0.12888300948613107
42,SEAFOOD,2017-08-22,0.9262762343633104
43,AUTOMOTIVE,2017-08-22,0.4755947635214368
43,BABY CARE,2017-08-22,0.12888300948613107
43,BEAUTY,2017-08-22,0.40175453396240957
43,BEVERAGES,2017-08-22,0.0
43,BOOKS,2017-08-22,0.12888300948613107
43,BREAD/BAKERY,2017-08-22,0.0
43,CELEBRATION,2017-08-22,1.5583967882753398
43,CLEANING,2017-08-22,0.0
43,DAIRY,2017-08-22,0.0
43,DELI,2017-08-22,0.0
43,EGGS,2017-08-22,0.0
43,FROZEN FOODS,2017-08-22,10.290228716072516
43,GROCERY I,2017-08-22,0.0
43,GROCERY II,2017-08-22,1.33495056049177
43,HARDWARE,2017-08-22,0.12888300948613107
43,HOME AND KITCHEN I,2017-08-22,1.5583967882753398
43,HOME AND KITCHEN II,2017-08-22,2.9734450950057445
43,HOME APPLIANCES,2017-08-22,0.12888300948613107
43,HOME CARE,2017-08-22,5.078278037392016
43,LADIESWEAR,2017-08-22,0.12888300948613107
43,LAWN AND GARDEN,2017-08-22,0.6391227836436235
43,LINGERIE,2017-08-22,0.17898641998592346
43,"LIQUOR,WINE,BEER",2017-08-22,3.5085779852768306
43,MAGAZINES,2017-08-22,0.12888300948613107
43,MEATS,2017-08-22,4.125563007022726
43,PERSONAL CARE,2017-08-22,0.0
43,PET SUPPLIES,2017-08-22,0.27274427051190875
43,PLAYERS AND ELECTRONICS,2017-08-22,0.2186564306812533
43,POULTRY,2017-08-22,0.5573939223792561
43,PREPARED FOODS,2017-08-22,27.92638957706666
43,PRODUCE,2017-08-22,0.0
43,SCHOOL AND OFFICE SUPPLIES,2017-08-22,0.17898641998592346
43,SEAFOOD,2017-08-22,0.12888300948613107
44,AUTOMOTIVE,2017-08-22,0.86747666365159
44,BABY CARE,2017-08-22,0.038766898632757174
44,BEAUTY,2017-08-22,0.77250607287499
44,BEVERAGES,2017-08-22,0.0
44,BOOKS,2017-08-22,0.038766898632757174
44,BREAD/BAKERY,2017-08-22,1183873.6100942174
44,CELEBRATION,2017-08-22,2.6562541942282336
44,CLEANING,2017-08-22,0.0
44,DAIRY,2017-08-22,0.0
44,DELI,2017-08-22,0.0
44,EGGS,2017-08-22,0.0
44,FROZEN FOODS,2017-08-22,0.0
44,GROCERY I,2017-08-22,2.044305322569151e+41
44,GROCERY II,2017-08-22,5.861661233374205
44,HARDWARE,2017-08-22,0.08487067014711847
44,HOME AND KITCHEN I,2017-08-22,11.332481561895314
44,HOME AND KITCHEN II,2017-08-22,9.38895595885327
44,HOME APPLIANCES,2017-08-22,0.038766898632757174
44,HOME CARE,2017-08-22,0.0
44,LADIESWEAR,2017-08-22,2.6562541942282336
44,LAWN AND GARDEN,2017-08-22,1.842203987577331
44,LINGERIE,2017-08-22,6.704322784381608
44,"LIQUOR,WINE,BEER",2017-08-22,0.0
44,MAGAZINES,2017-08-22,1.842203987577331
44,MEATS,2017-08-22,0.0
44,PERSONAL CARE,2017-08-22,0.0
44,PET SUPPLIES,2017-08-22,0.9999190649556937
44,PLAYERS AND ELECTRONICS,2017-08-22,0.9999190649556937
44,POULTRY,2017-08-22,0.0
44,PREPARED FOODS,2017-08-22,0.0
44,PRODUCE,2017-08-22,0.0
44,SCHOOL AND OFFICE SUPPLIES,2017-08-22,0.0
44,SEAFOOD,2017-08-22,2.5137108931404617
45,AUTOMOTIVE,2017-08-22,1.4785978039842287
45,BABY CARE,2017-08-22,0.038766898632757174
45,BEAUTY,2017-08-22,1.3541659099276493
45,BEVERAGES,2017-08-22,0.0
45,BOOKS,2017-08-22,0.038766898632757174
45,BREAD/BAKERY,2017-08-22,0.0
45,CELEBRATION,2017-08-22,1.842203987577331
45,CLEANING,2017-08-22,397.8796657590492
45,DAIRY,2017-08-22,5405779.120282842
45,DELI,2017-08-22,0.0
45,EGGS,2017-08-22,0.0
45,FROZEN FOODS,2017-08-22,0.0
45,GROCERY I,2017-08-22,1.3880762519242303e+162
45,GROCERY II,2017-08-22,2.5137108931404617
45,HARDWARE,2017-08-22,0.038766898632757174
45,HOME AND KITCHEN I,2017-08-22,3.148668667749564
45,HOME AND KITCHEN II,2017-08-22,2.5137108931404617
45,HOME APPLIANCES,2017-08-22,0.038766898632757174
45,HOME CARE,2017-08-22,0.0
45,LADIESWEAR,2017-08-22,1.3541659099276493
45,LAWN AND GARDEN,2017-08-22,1.2330147920995964
45,LINGERIE,2017-08-22,0.5385985655204526
45,"LIQUOR,WINE,BEER",2017-08-22,0.0
45,MAGAZINES,2017-08-22,2.6562541942282336
45,MEATS,2017-08-22,0.0
45,PERSONAL CARE,2017-08-22,0.0
45,PET SUPPLIES,2017-08-22,1.842203987577331
45,PLAYERS AND ELECTRONICS,2017-08-22,1.6400178186180834
45,POULTRY,2017-08-22,13.668136126166212
45,PREPARED FOODS,2017-08-22,0.4125078368769066
45,PRODUCE,2017-08-22,8.782978498602439e+33
45,SCHOOL AND OFFICE SUPPLIES,2017-08-22,0.0
45,SEAFOOD,2017-08-22,2.5137108931404617
46,AUTOMOTIVE,2017-08-22,1.0199997280297306
46,BABY CARE,2017-08-22,0.028233033968182886
46,BEAUTY,2017-08-22,1.8133819369385784
46,BEVERAGES,2017-08-22,0.0
46,BOOKS,2017-08-22,0.028233033968182886
46,BREAD/BAKERY,2017-08-22,0.0
46,CELEBRATION,2017-08-22,1.4534629889843993
46,CLEANING,2017-08-22,0.0
46,DAIRY,2017-08-22,29482.162603757908
46,DELI,2017-08-22,0.0
46,EGGS,2017-08-22,84.76194336656773
46,FROZEN FOODS,2017-08-22,0.41853838213100114
46,GROCERY I,2017-08-22,0.0
46,GROCERY II,2017-08-22,3.4180221261998716
46,HARDWARE,2017-08-22,0.39405102882040377
46,HOME AND KITCHEN I,2017-08-22,2.1209341230398393
46,HOME AND KITCHEN II,2017-08-22,1.8133819369385784
46,HOME APPLIANCES,2017-08-22,0.028233033968182886
46,HOME CARE,2017-08-22,0.0
46,LADIESWEAR,2017-08-22,1.6132460852773396
46,LAWN AND GARDEN,2017-08-22,1.8133819369385784
46,LINGERIE,2017-08-22,0.7702200620345929
46,"LIQUOR,WINE,BEER",2017-08-22,11.207421077274219
46,MAGAZINES,2017-08-22,1.3302929263682266
46,MEATS,2017-08-22,0.0
46,PERSONAL CARE,2017-08-22,0.0
46,PET SUPPLIES,2017-08-22,2.6191770723908165
46,PLAYERS AND ELECTRONICS,2017-08-22,0.9651038085679755
46,POULTRY,2017-08-22,0.0
46,PREPARED FOODS,2017-08-22,11.207421077274219
46,PRODUCE,2017-08-22,4508642.109800697
46,SCHOOL AND OFFICE SUPPLIES,2017-08-22,0.0
46,SEAFOOD,2017-08-22,0.8321971288518752
47,AUTOMOTIVE,2017-08-22,1.3414255483291053
47,BABY CARE,2017-08-22,0.028233033968182886
47,BEAUTY,2017-08-22,1.8133819369385784
47,BEVERAGES,2017-08-22,0.0
47,BOOKS,2017-08-22,0.028233033968182886
47,BREAD/BAKERY,2017-08-22,0.0
47,CELEBRATION,2017-08-22,1.3302929263682266
47,CLEANING,2017-08-22,3799904.515894724
47,DAIRY,2017-08-22,4730678.9358146535
47,DELI,2017-08-22,0.0
47,EGGS,2017-08-22,0.0
47,FROZEN FOODS,2017-08-22,0.2015931117196199
47,GROCERY I,2017-08-22,5.723532411284073e+118
47,GROCERY II,2017-08-22,0.8457487022271
47,HARDWARE,2017-08-22,0.028233033968182886
47,HOME AND KITCHEN I,2017-08-22,9.28360426135422
47,HOME AND KITCHEN II,2017-08-22,2.1209341230398393
47,HOME APPLIANCES,2017-08-22,0.028233033968182886
47,HOME CARE,2017-08-22,0.0
47,LADIESWEAR,2017-08-22,1.4534629889843993
47,LAWN AND GARDEN,2017-08-22,1.0531310171001196
47,LINGERIE,2017-08-22,2.6710046003098946
47,"LIQUOR,WINE,BEER",2017-08-22,0.0
47,MAGAZINES,2017-08-22,1.3302929263682266
47,MEATS,2017-08-22,0.0
47,PERSONAL CARE,2017-08-22,0.0
47,PET SUPPLIES,2017-08-22,2.6710046003098946
47,PLAYERS AND ELECTRONICS,2017-08-22,1.8133819369385784
47,POULTRY,2017-08-22,0.0
47,PREPARED FOODS,2017-08-22,4.536345409729147
47,PRODUCE,2017-08-22,0.0
47,SCHOOL AND OFFICE SUPPLIES,2017-08-22,0.0
47,SEAFOOD,2017-08-22,1.712311524676711
48,AUTOMOTIVE,2017-08-22,1.0296499711724585
48,BABY CARE,2017-08-22,0.028233033968182886
48,BEAUTY,2017-08-22,2.6191770723908165
48,BEVERAGES,2017-08-22,0.0
48,BOOKS,2017-08-22,0.028233033968182886
48,BREAD/BAKERY,2017-08-22,0.0
48,CELEBRATION,2017-08-22,1.4534629889843993
48,CLEANING,2017-08-22,181837148836.31342
48,DAIRY,2017-08-22,0.0
48,DELI,2017-08-22,0.0
48,EGGS,2017-08-22,3.1287448504214748
48,FROZEN FOODS,2017-08-22,0.0
48,GROCERY I,2017-08-22,0.0
48,GROCERY II,2017-08-22,0.8457487022271
48,HARDWARE,2017-08-22,0.028233033968182886
48,HOME AND KITCHEN I,2017-08-22,1.0531310171001196
48,HOME AND KITCHEN II,2017-08-22,1.8133819369385784
48,HOME APPLIANCES,2017-08-22,0.028233033968182886
48,HOME CARE,2017-08-22,0.0
48,LADIESWEAR,2017-08-22,2.6710046003098946
48,LAWN AND GARDEN,2017-08-22,0.6744108289480275
48,LINGERIE,2017-08-22,0.07386927913924435
48,"LIQUOR,WINE,BEER",2017-08-22,3.106598098941726
48,MAGAZINES,2017-08-22,0.80580948260224
48,MEATS,2017-08-22,0.0
48,PERSONAL CARE,2017-08-22,0.0
48,PET SUPPLIES,2017-08-22,2.6710046003098946
48,PLAYERS AND ELECTRONICS,2017-08-22,2.6191770723908165
48,POULTRY,2017-08-22,0.0
48,PREPARED FOODS,2017-08-22,2.4780792658066497
48,PRODUCE,2017-08-22,5.630479794237708e+16
48,SCHOOL AND OFFICE SUPPLIES,2017-08-22,0.0
48,SEAFOOD,2017-08-22,2.6191770723908165
49,AUTOMOTIVE,2017-08-22,0.4929803874357652
49,BABY CARE,2017-08-22,0.028233033968182886
49,BEAUTY,2017-08-22,1.3302929263682266
49,BEVERAGES,2017-08-22,48925482.93764346
49,BOOKS,2017-08-22,0.028233033968182886
49,BREAD/BAKERY,2017-08-22,0.0
49,CELEBRATION,2017-08-22,0.7858882623755539
49,CLEANING,2017-08-22,0.0
49,DAIRY,2017-08-22,2538264649586.146
49,DELI,2017-08-22,0.0
49,EGGS,2017-08-22,0.0
49,FROZEN FOODS,2017-08-22,0.0
49,GROCERY I,2017-08-22,0.0
49,GROCERY II,2017-08-22,9.28360426135422
49,HARDWARE,2017-08-22,0.028233033968182886
49,HOME AND KITCHEN I,2017-08-22,3.4180221261998716
49,HOME AND KITCHEN II,2017-08-22,3.4180221261998716
49,HOME APPLIANCES,2017-08-22,0.028233033968182886
49,HOME CARE,2017-08-22,0.0
49,LADIESWEAR,2017-08-22,0.9462455291445695
49,LAWN AND GARDEN,2017-08-22,1.0531310171001196
49,LINGERIE,2017-08-22,0.42480340563173424
49,"LIQUOR,WINE,BEER",2017-08-22,0.0
49,MAGAZINES,2017-08-22,1.3302929263682266
49,MEATS,2017-08-22,0.0
49,PERSONAL CARE,2017-08-22,0.0
49,PET SUPPLIES,2017-08-22,2.8650393765253965
49,PLAYERS AND ELECTRONICS,2017-08-22,1.6285738514791634
49,POULTRY,2017-08-22,0.0
49,PREPARED FOODS,2017-08-22,0.0
49,PRODUCE,2017-08-22,58232049147638.56
49,SCHOOL AND OFFICE SUPPLIES,2017-08-22,0.0
49,SEAFOOD,2017-08-22,1.712311524676711
50,AUTOMOTIVE,2017-08-22,0.7545315502815411
50,BABY CARE,2017-08-22,0.028233033968182886
50,BEAUTY,2017-08-22,1.3302929263682266
50,BEVERAGES,2017-08-22,0.0
50,BOOKS,2017-08-22,0.028233033968182886
50,BREAD/BAKERY,2017-08-22,0.0
50,CELEBRATION,2017-08-22,0.9796384064190442
50,CLEANING,2017-08-22,5262.549494995924
50,DAIRY,2017-08-22,0.0
50,DELI,2017-08-22,0.0
50,EGGS,2017-08-22,11.207421077274219
50,FROZEN FOODS,2017-08-22,25.347344292223795
50,GROCERY I,2017-08-22,810079200139.4363
50,GROCERY II,2017-08-22,2.1209341230398393
50,HARDWARE,2017-08-22,0.159267782167962
50,HOME AND KITCHEN I,2017-08-22,4.036922721824133
50,HOME AND KITCHEN II,2017-08-22,1.0531310171001196
50,HOME APPLIANCES,2017-08-22,0.028233033968182886
50,HOME CARE,2017-08-22,0.0
50,LADIESWEAR,2017-08-22,0.23210707645131579
50,LAWN AND GARDEN,2017-08-22,0.7203437128122558
50,LINGERIE,2017-08-22,0.24080219032848582
50,"LIQUOR,WINE,BEER",2017-08-22,11.207421077274219
50,MAGAZINES,2017-08-22,1.0199997280297306
50,MEATS,2017-08-22,7.22858666311372
50,PERSONAL CARE,2017-08-22,0.0
50,PET SUPPLIES,2017-08-22,1.126768920078833
50,PLAYERS AND ELECTRONICS,2017-08-22,2.6191770723908165
50,POULTRY,2017-08-22,0.0
50,PREPARED FOODS,2017-08-22,1.712311524676711
50,PRODUCE,2017-08-22,1.52458792987548e+16
50,SCHOOL AND OFFICE SUPPLIES,2017-08-22,0.0
50,SEAFOOD,2017-08-22,1.3302929263682266
51,AUTOMOTIVE,2017-08-22,0.5229960380586773
51,BABY CARE,2017-08-22,0.028233033968182886
51,BEAUTY,2017-08-22,0.07386927913924435
51,BEVERAGES,2017-08-22,8.591243942492723e+20
51,BOOKS,2017-08-22,0.028233033968182886
51,BREAD/BAKERY,2017-08-22,0.0
51,CELEBRATION,2017-08-22,0.6664496179758554
51,CLEANING,2017-08-22,0.0
51,DAIRY,2017-08-22,0.0
51,DELI,2017-08-22,0.41853838213100114
51,EGGS,2017-08-22,0.13659598133447148
51,FROZEN FOODS,2017-08-22,0.2015931117196199
51,GROCERY I,2017-08-22,2005466317.9631677
51,GROCERY II,2017-08-22,12.111324008752101
51,HARDWARE,2017-08-22,0.159267782167962
51,HOME AND KITCHEN I,2017-08-22,0.9796384064190442
51,HOME AND KITCHEN II,2017-08-22,0.8321971288518752
51,HOME APPLIANCES,2017-08-22,0.028233033968182886
51,HOME CARE,2017-08-22,0.0
51,LADIESWEAR,2017-08-22,0.159267782167962
51,LAWN AND GARDEN,2017-08-22,0.8321971288518752
51,LINGERIE,2017-08-22,0.159267782167962
51,"LIQUOR,WINE,BEER",2017-08-22,16.960979676538024
51,MAGAZINES,2017-08-22,1.0199997280297306
51,MEATS,2017-08-22,0.0
51,PERSONAL CARE,2017-08-22,0.0
51,PET SUPPLIES,2017-08-22,1.3302929263682266
51,PLAYERS AND ELECTRONICS,2017-08-22,0.6664496179758554
51,POULTRY,2017-08-22,0.0
51,PREPARED FOODS,2017-08-22,11.207421077274219
51,PRODUCE,2017-08-22,4.636268198437135e+25
51,SCHOOL AND OFFICE SUPPLIES,2017-08-22,0.028233033968182886
51,SEAFOOD,2017-08-22,0.8457487022271
52,AUTOMOTIVE,2017-08-22,0.5936130471033501
52,BABY CARE,2017-08-22,0.028233033968182886
52,BEAUTY,2017-08-22,0.45091532852989014
52,BEVERAGES,2017-08-22,3.5674457412986544e+21
52,BOOKS,2017-08-22,0.028233033968182886
52,BREAD/BAKERY,2017-08-22,0.0
52,CELEBRATION,2017-08-22,1.0199997280297306
52,CLEANING,2017-08-22,0.0
52,DAIRY,2017-08-22,0.0
52,DELI,2017-08-22,0.0
52,EGGS,2017-08-22,0.0
52,FROZEN FOODS,2017-08-22,0.0
52,GROCERY I,2017-08-22,11234.604232670841
52,GROCERY II,2017-08-22,0.9796384064190442
52,HARDWARE,2017-08-22,0.07386927913924435
52,HOME AND KITCHEN I,2017-08-22,2.1209341230398393
52,HOME AND KITCHEN II,2017-08-22,0.8457487022271
52,HOME APPLIANCES,2017-08-22,0.028233033968182886
52,HOME CARE,2017-08-22,0.0
52,LADIESWEAR,2017-08-22,0.6893829244712875
52,LAWN AND GARDEN,2017-08-22,2.1209341230398393
52,LINGERIE,2017-08-22,0.6744108289480275
52,"LIQUOR,WINE,BEER",2017-08-22,0.31857304899336203
52,MAGAZINES,2017-08-22,0.8485390690237202
52,MEATS,2017-08-22,290.6177788446288
52,PERSONAL CARE,2017-08-22,0.0
52,PET SUPPLIES,2017-08-22,0.9462455291445695
52,PLAYERS AND ELECTRONICS,2017-08-22,1.8133819369385784
52,POULTRY,2017-08-22,15.01365846977566
52,PREPARED FOODS,2017-08-22,11.207421077274219
52,PRODUCE,2017-08-22,5.144403930715527e+40
52,SCHOOL AND OFFICE SUPPLIES,2017-08-22,0.5229960380586773
52,SEAFOOD,2017-08-22,0.42480340563173424
53,AUTOMOTIVE,2017-08-22,0.5405376136535864
53,BABY CARE,2017-08-22,0.04007602439219382
53,BEAUTY,2017-08-22,0.1515165252474313
53,BEVERAGES,2017-08-22,153801096552.6667
53,BOOKS,2017-08-22,0.04007602439219382
53,BREAD/BAKERY,2017-08-22,0.0
53,CELEBRATION,2017-08-22,0.2550935114324595
53,CLEANING,2017-08-22,0.0
53,DAIRY,2017-08-22,0.0
53,DELI,2017-08-22,0.13280489403035123
53,EGGS,2017-08-22,3.1538971064180155
53,FROZEN FOODS,2017-08-22,3.9309920725243925
53,GROCERY I,2017-08-22,2467367657109485.5
53,GROCERY II,2017-08-22,1.3571327923328655
53,HARDWARE,2017-08-22,0.04007602439219382
53,HOME AND KITCHEN I,2017-08-22,1.0767785854737197
53,HOME AND KITCHEN II,2017-08-22,1.3571327923328655
53,HOME APPLIANCES,2017-08-22,0.04007602439219382
53,HOME CARE,2017-08-22,39.465005677349566
53,LADIESWEAR,2017-08-22,1.1705006194875915
53,LAWN AND GARDEN,2017-08-22,0.6856434643276115
53,LINGERIE,2017-08-22,0.4701889300818778
53,"LIQUOR,WINE,BEER",2017-08-22,3.1538971064180155
53,MAGAZINES,2017-08-22,0.41010744058650705
53,MEATS,2017-08-22,0.3337601198972431
53,PERSONAL CARE,2017-08-22,0.0
53,PET SUPPLIES,2017-08-22,0.2550935114324595
53,PLAYERS AND ELECTRONICS,2017-08-22,0.2550935114324595
53,POULTRY,2017-08-22,39.465005677349566
53,PREPARED FOODS,2017-08-22,0.6999353928204282
53,PRODUCE,2017-08-22,4.8086979708229304e+19
53,SCHOOL AND OFFICE SUPPLIES,2017-08-22,0.04007602439219382
53,SEAFOOD,2017-08-22,0.41010744058650705
54,AUTOMOTIVE,2017-08-22,0.5405376136535864
54,BABY CARE,2017-08-22,0.04007602439219382
54,BEAUTY,2017-08-22,0.04007602439219382
54,BEVERAGES,2017-08-22,68766705060.3157
54,BOOKS,2017-08-22,0.04007602439219382
54,BREAD/BAKERY,2017-08-22,0.0
54,CELEBRATION,2017-08-22,0.17262000563241897
54,CLEANING,2017-08-22,0.0
54,DAIRY,2017-08-22,0.0
54,DELI,2017-08-22,0.6927714420209858
54,EGGS,2017-08-22,5.533392157042629
54,FROZEN FOODS,2017-08-22,1.6588492597995281
54,GROCERY I,2017-08-22,180.39481335435548
54,GROCERY II,2017-08-22,1.0432656965847746
54,HARDWARE,2017-08-22,0.04007602439219382
54,HOME AND KITCHEN I,2017-08-22,2.449134064999731
54,HOME AND KITCHEN II,2017-08-22,0.9862652151822215
54,HOME APPLIANCES,2017-08-22,0.04007602439219382
54,HOME CARE,2017-08-22,0.2628054930805015
54,LADIESWEAR,2017-08-22,0.04007602439219382
54,LAWN AND GARDEN,2017-08-22,0.04007602439219382
54,LINGERIE,2017-08-22,0.41010744058650705
54,"LIQUOR,WINE,BEER",2017-08-22,1997.3129353254874
54,MAGAZINES,2017-08-22,0.04007602439219382
54,MEATS,2017-08-22,3.468908055755869
54,PERSONAL CARE,2017-08-22,412.11341621180736
54,PET SUPPLIES,2017-08-22,0.04007602439219382
54,PLAYERS AND ELECTRONICS,2017-08-22,0.04007602439219382
54,POULTRY,2017-08-22,1.7435514074197451
54,PREPARED FOODS,2017-08-22,9.402048838379262
54,PRODUCE,2017-08-22,0.0
54,SCHOOL AND OFFICE SUPPLIES,2017-08-22,0.04007602439219382
54,SEAFOOD,2017-08-22,0.1227871487762977
